"x1","x2","x3","x4","x5","x6","x7","x8","x9","x10","x11","x12","x13","x14","x15","x16","x17","x18","x19","x20","x21","x22","x23","x24","x25","x26","x27","x28","x29","x30","x31","x32","x33","x34","x35","x36","x37","x38","x39","x40","x41","x42","x43","x44","x45","x46","x47","x48","x49","x50","x51","x52","x53","x54","x55","x56","x57","x58","x59","x60","x61","x62","x63","x64","x65","x66","x67","x68"
0.0,0.0,0.0,0.0,0.0,0.0,0.0,0.0,0.0,0.0,0.0,0.0,0.0,0.0,0.0,0.0,0.0,0.0,0.0,0.0,0.0,0.0,0.0,0.0,0.0,0.0,0.0,0.0,0.0,0.0,0.0,0.0,0.0,0.0,0.0,0.0,0.0,0.0,0.0,0.0,0.0,0.0,0.0,0.0,0.0,0.0,0.0,0.0,0.0,0.0,0.0,0.0,0.0,0.0,0.0,0.0,0.0,0.0,0.0,0.0,0.0,0.0,0.0,0.0,0.0,0.0,0.0,0.0
4.997500831715836e-5,7.04601669539745e-15,8.939214488580928e-28,1.2677323261984843e-29,1.8557044799099556e-42,1.2928226891136528e-42,5.379886124698248e-62,1.9538338052321482e-44,3.0498993610091236e-57,2.2608468643710686e-57,1.1321331839196122e-74,1.7787296595584088e-57,9.569585433251928e-93,5.087548083642129e-77,4.007422602070775e-77,2.5938073417553183e-59,4.093933889648281e-72,2.8248567578570347e-72,3.201734944644239e-89,3.037049523162416e-72,2.432558332433076e-105,1.731736721879433e-89,1.852124848541248e-89,2.8513568837625537e-72,1.0221081080941925e-111,7.734974307124636e-108,8.209395603069734e-108,3.7825740363926994e-92,6.1077482634742494e-108,2.5387496986350466e-92,2.1827877271510172e-92,3.977183535969334e-74,6.065975673897755e-87,2.842112081198002e-87,5.5152000425029473e-104,4.105058181281518e-87,7.047646991224456e-120,7.79803253387184e-104,8.190641841262947e-104,7.169036437699899e-87,2.693856146348967e-136,2.6655032551676135e-120,2.711255696320866e-120,1.9472976632856467e-104,2.8857411013938115e-120,1.844857651971828e-104,1.881754834365728e-104,6.869550149168261e-87,2.7918065193426244e-126,1.6769908719904165e-126,6.1602263859047535e-139,3.5328624948741995e-123,6.2404015373888636e-139,3.364570487407629e-123,3.262932468347479e-123,1.3948031209857738e-107,2.263428050396144e-126,1.7307911702758256e-123,1.588225937896621e-123,6.207255574451913e-108,1.2891600593959731e-123,4.840756307501032e-108,4.278454097648899e-108,1.0377179440059865e-88,1.550903915140556e-101,5.876312747962566e-102,7.296263308340744e-119,5.765278891150107e-102
0.00014526455048108816,1.5609691795034475e-13,1.1141473434416985e-19,1.1723583569822668e-29,3.7818317707108666e-34,3.0679562839578943e-34,6.007154558091671e-47,1.1173630193892159e-45,9.478016392204817e-49,1.1324270532074853e-48,1.5788737623465914e-61,8.516034349545702e-49,1.0986587006131137e-61,1.75913164433715e-61,3.1021478551057705e-76,1.7973079167341513e-60,1.8043826103677358e-63,2.926111023411151e-63,3.0990240788296175e-76,3.1652904546480735e-63,2.244904169007373e-76,4.579139534446368e-76,5.593834892785983e-80,2.4044162604268437e-63,1.682605983694975e-76,3.326170993174795e-76,1.4203458985598499e-92,4.736974074334228e-76,3.085630748902703e-97,1.052968632607169e-90,1.0559764081853772e-90,3.7993092275990628e-75,2.687704098107739e-78,5.651379116844348e-78,4.8358584195094764e-91,8.222929576179321e-78,3.431608365645325e-91,9.121861866161639e-91,2.6892021205279427e-94,9.275400605516798e-78,2.7612946116593e-91,6.778730152613767e-91,3.501063364508568e-107,1.2258219801716179e-90,2.365855681108024e-109,9.344176984132216e-95,9.531060499736866e-95,7.863417260588467e-78,2.4071510819768062e-91,5.304487702174218e-91,1.9476975850067716e-107,9.309500394466219e-91,6.70365542965686e-123,4.421884953652394e-107,4.898045246248617e-107,1.4057201894298497e-90,6.302869990151993e-113,1.6232809653543176e-112,5.996501024021385e-121,2.7766561789724564e-105,1.7531133876979712e-113,2.5257041967520076e-105,2.771714154925386e-105,8.39791652375177e-90,3.54885905844616e-93,8.526858139298958e-93,6.985498546569948e-106,1.6105048894770962e-92
0.00027609788152110584,1.0886897935396941e-12,2.0586713134384062e-18,3.47946091706605e-24,4.64176984607775e-30,6.25338176486543e-35,7.349888715424898e-40,3.033004650441515e-40,1.3945132348663776e-44,1.085268488932847e-44,4.525356564011211e-57,6.48872983251937e-48,3.855709058350385e-59,6.400037939190606e-58,6.804150917254044e-59,2.628550666410949e-59,4.239618106585996e-59,3.4153169750967715e-59,1.7355778741927803e-70,2.6925486043056803e-59,1.2415640822861035e-73,2.740395962518165e-73,3.293929783097714e-73,2.2998782843449293e-61,1.0657345760917205e-73,2.0504346565798058e-73,2.87097111732541e-73,1.1416867501186589e-73,2.2893406816118642e-73,1.8791123063174668e-73,5.1970531878946336e-86,7.396620570725903e-74,1.503693704548176e-73,1.2150457087336128e-73,2.189508253624036e-85,1.0070110993423976e-73,2.838718638914875e-85,2.6151500551128484e-85,1.0557769590470323e-87,7.980617102148656e-74,4.010696873211336e-88,7.942299859686513e-88,1.25644050479214e-87,5.002676363409824e-88,1.146293805355144e-87,9.507006997788312e-88,1.9914401277607005e-92,2.4769477123155735e-75,2.7730983090660394e-88,6.317070099404008e-88,1.0999386129762107e-87,6.405157256264836e-88,1.079236806473128e-87,8.914712232537715e-88,1.1382130869781814e-100,3.8133219738121776e-88,8.723234204352202e-88,7.096944830686556e-88,1.9894052012048407e-100,6.269759471293969e-88,1.986876359655252e-100,1.5958090046236535e-100,6.217544842675586e-104,2.477087735389286e-88,7.084763584705673e-88,5.601404579206442e-88,1.8265327474736363e-100,4.991507175510344e-88
0.00045196999578310456,5.058855300905593e-12,2.0634209932692498e-17,7.090185574231202e-23,2.1613512332651996e-28,4.807282380628605e-34,3.241647373117168e-39,1.9760399569491207e-39,2.0591786318972504e-44,1.6844607156637468e-44,3.296370106130914e-49,2.8382432587638584e-47,4.762419320494344e-52,3.0280969381968525e-52,9.647555972234562e-60,6.577318749321942e-53,2.5931488558659514e-58,5.105028728211886e-58,1.3785013903970613e-67,5.126871433218972e-59,6.980082020491142e-66,5.49291556537677e-66,1.0012136524234477e-68,4.208384635912961e-69,1.977608763540444e-66,5.021042916499594e-67,5.051273786713967e-71,7.479250419850207e-67,2.8342698382786387e-71,2.6906593770151583e-71,0.0,1.1751550478091116e-69,2.556361665358413e-71,2.372759709353223e-71,3.583318756650701e-83,1.6590736513301835e-71,3.560908191079858e-83,1.5037151619252873e-83,5.679559175314051e-83,6.792746830351338e-72,2.6031602125027035e-83,3.318720015900136e-83,3.816285919828104e-83,1.263404561039647e-83,3.3344447126669414e-83,2.9298655316267768e-83,0.0,4.9063460965984164e-76,1.1779439602607968e-83,1.094292994242504e-83,9.831311944011034e-85,8.9446381175894e-84,5.832505836611169e-85,5.219196329039951e-85,5.2921479084825176e-98,8.003762945544412e-83,3.8689383052965834e-85,3.545233861554348e-85,2.3511162718578216e-97,3.0874313715538925e-85,2.2213479079864324e-97,9.568479236108782e-98,3.722947997099123e-97,9.253626192994805e-86,3.395230780573663e-85,3.0481346841560854e-85,1.0016568667751938e-97,2.7293915398947086e-85
0.0007364359627260717,2.3357367762434943e-11,2.1575307569629867e-16,1.558959249126363e-21,1.0063804522454304e-26,5.291500371106987e-32,1.990650405276989e-37,5.091616305014505e-38,3.212624267616078e-42,2.9915734463703746e-42,2.5493674718290286e-47,2.1354636794675845e-46,1.0766848056448015e-51,3.005573965580686e-52,4.219443175474128e-56,9.045918183726561e-57,3.2853210933350605e-56,2.5722965513776447e-56,6.400329395113539e-62,7.7424330911918e-58,1.2498912878363441e-61,1.0164403246679594e-61,2.0385738345310227e-85,1.4620273016746e-60,1.1449079792214257e-67,2.1627582025784623e-67,2.582197297322966e-74,9.667522336300361e-68,1.9818370020780686e-75,1.2237381689632825e-75,6.201276426197867e-75,0.0,7.431259696985209e-71,7.349130851381523e-71,4.8607368735057903e-76,8.559633896366738e-71,1.7789675496815983e-80,1.0923734084709204e-80,3.1844091572094726e-80,0.0,1.6541810515994402e-75,1.3200087933878297e-75,8.38917988419822e-81,1.0810805209415312e-75,4.282679959385263e-81,4.219875593943039e-81,1.1015688621426385e-92,8.456329121042136e-74,1.665681118797542e-78,1.3385035558180767e-78,1.1245292733183945e-92,5.560234595618102e-79,2.0665471362432344e-91,6.435336686054625e-92,7.480408537846228e-91,4.6091849236294727e-79,2.6502433290863867e-91,3.56104769771177e-91,7.973053715499128e-91,2.202164849878099e-91,5.74907672698488e-91,6.230180214289102e-91,8.284534046703157e-94,0.0,6.0587484654388286e-86,7.085394332383406e-85,2.3868419379053867e-94,2.3068637538526433e-85
0.0013187104346785285,1.432061192117073e-10,3.809550597041145e-15,6.985609821150593e-20,1.0737437058175772e-24,1.3466685105230338e-29,1.395684414985248e-34,6.845828388506194e-36,6.8540052339926064e-40,6.468130062092463e-40,1.6368543984342795e-44,1.6970978884021095e-44,2.5353512505950997e-49,2.2889740968104496e-49,5.973870488838844e-54,1.535703300828569e-54,4.6926977692554926e-54,4.103674501955676e-54,1.4246802898829768e-68,1.4367380797906699e-56,2.7592597671598166e-59,2.1576443473232425e-59,1.2924190651720819e-65,4.830206871409731e-59,4.418305887236339e-64,4.0273433150272694e-64,1.0815350005735943e-67,9.17742012392208e-65,5.315530198184125e-68,5.057956340709154e-68,9.147257821774602e-76,1.3657185561888897e-68,7.834498208287374e-68,7.185134806299042e-68,2.571967354639958e-79,5.437158993985144e-68,1.8957128092464127e-78,7.008505747219794e-79,8.8309771624125e-78,0.0,2.9952187089232325e-73,2.7665662587872867e-73,7.329025448310255e-84,1.4648211823090965e-73,1.6879181020800902e-83,7.203145563029919e-84,5.439641019390678e-83,2.844346821371708e-72,2.6366738464820785e-78,2.532389771117714e-78,5.052832227201462e-81,1.7015176488982438e-78,3.614587754872354e-81,2.9840283651304336e-81,2.788365015977914e-88,5.517300818475997e-82,1.3398215317929207e-81,1.1397079444954327e-81,3.351407724872451e-87,8.469889214199141e-82,3.8447557268706075e-87,3.9154415933367924e-87,0.0,2.9406006919400344e-82,1.8452789272496095e-81,1.5894212703055023e-81,4.36988113192667e-98,1.3279256103041718e-81
0.0032493154873216665,2.320510087825892e-9,3.56925522517665e-13,3.2681923607542056e-17,1.7995843299621885e-21,6.763676253653424e-26,1.9693100142388982e-30,2.7519120461966576e-32,4.460243562245388e-36,4.524207911773096e-36,3.2147475817290814e-40,2.694332453906721e-40,1.1977856112754975e-44,1.1653866547956004e-44,2.334263046875288e-49,8.583880505331496e-50,3.996885640027303e-50,3.4760602030413223e-50,4.606723360247646e-63,1.4475993688366136e-58,2.2174891528492307e-54,1.6356780021983054e-54,4.832974849405219e-60,4.0956490713675655e-55,7.567571119229488e-59,5.918374787023772e-59,9.578700851089797e-64,3.1600549671112114e-59,1.6780258769503508e-63,1.63498277652166e-63,1.1930736722510068e-69,4.094574403365461e-64,8.044624273183552e-64,7.021178566517893e-64,1.6773098162713493e-73,5.0071375445346946e-64,1.1279462481021241e-73,2.338141266121268e-74,5.382190230831167e-73,0.0,3.266498514592139e-68,2.7318837793033585e-68,0.0,1.7242107457406449e-68,1.786694452950898e-74,1.489015764015463e-74,1.4663305843392548e-78,1.423694097938875e-69,9.11271230118733e-73,8.706299393198855e-73,3.3609863209086882e-77,5.592094858158965e-73,3.94569238880785e-77,3.0369588008546402e-77,2.6275294967833887e-83,1.2661405150525926e-73,2.0427494584859824e-77,1.9788330606220193e-77,1.020047216009454e-86,1.6273093360548785e-77,4.283086912504475e-84,1.7976957999610415e-84,1.1434689107867398e-86,4.764434660873978e-78,2.2222448490877516e-77,1.8566099522280345e-77,4.433610925477316e-87,1.566410566137719e-77
0.012369290503493273,1.53780331799961e-7,3.8503046933535426e-10,5.42699213589072e-13,2.023232451137528e-16,3.4436524520717174e-20,3.5466162467742236e-24,3.9988340664402136e-27,1.4742395145348479e-30,2.0575494366585062e-30,5.151589532880189e-34,4.33410318828434e-34,6.951186285007119e-38,7.342276526479232e-38,4.0160295616876935e-42,1.2576666774379008e-42,3.4492259677146936e-44,3.1875831385832753e-44,1.4603290634467405e-51,7.327230512829675e-45,1.0446954761115353e-47,6.998502293049941e-48,1.814403043474825e-52,5.1219147379540335e-48,1.2814652366273003e-51,9.831897324113374e-52,1.4419931975766586e-56,5.784229811407871e-52,7.652053132912505e-56,7.275978649291197e-56,6.900171865867115e-61,2.8058233869009732e-56,1.691104956863719e-57,1.442910687140379e-57,6.240972977913538e-66,9.287806478949131e-58,6.443547459626107e-67,1.9284391026494733e-67,7.351654317673776e-66,1.9178342488566626e-58,3.821068345115128e-61,2.922906439344462e-61,0.0,1.78723212199663e-61,4.3733138284897604e-66,3.475549204573275e-66,2.952524883115664e-70,8.772208749301754e-62,4.515118367464256e-65,4.620665352892971e-65,5.216206649796954e-71,2.816075771109745e-65,5.1093553747537153e-70,4.468770802648854e-70,9.484864999502538e-75,1.0610167890863617e-65,2.365161370023344e-69,2.2069428528112434e-69,1.0786636396542751e-75,1.721080043555962e-69,1.6682760427358787e-74,1.6263949533967386e-74,3.624061601621985e-79,1.0119634923790072e-69,6.86425788130582e-71,6.641454055231807e-71,8.947269903626414e-80,3.705587743661352e-71
0.019709199400532684,7.241999486663993e-7,5.286713943292878e-9,2.1011044753692467e-11,4.813222536320192e-14,6.950635732967332e-17,3.2815776207851253e-20,8.114745248203317e-24,1.3657264386330372e-27,1.5996739448298774e-28,2.445418680856742e-31,2.6171837220742583e-31,3.1999731333011326e-34,5.14507216180944e-34,8.235696779225651e-38,7.212645673396861e-38,9.569412464823447e-42,1.5045983190290432e-41,3.651853667791314e-46,7.436902416532493e-46,3.0696686505046998e-49,4.739215715437868e-48,1.7092227369299092e-48,3.710800336571461e-50,1.1255121934548199e-48,1.733523226016727e-48,5.5509614520154045e-52,1.6597866500930136e-49,4.4919042959395725e-52,6.863807841355924e-52,1.3745222885630854e-55,3.0226158941114612e-52,1.5024038188341215e-55,2.5170665036703242e-55,4.635220571785261e-60,1.053536772613368e-55,9.055247526680641e-61,7.222879108167147e-61,1.9023976613924603e-61,5.892438152775744e-57,1.6807229234490091e-60,1.8695431388546494e-60,8.296229355373569e-66,8.627685699244364e-61,8.082406466523974e-65,1.770350366302587e-64,5.0517013785409415e-65,7.500297442895664e-63,3.567590334418532e-63,6.250581707858851e-63,2.573224396603549e-66,1.7992001102709067e-63,3.739704861142175e-66,8.62978405436972e-66,5.48989836517353e-69,1.3166703073561277e-67,2.1168121881621527e-66,2.8406838002561325e-66,1.1418196895341897e-69,2.0999283583319964e-66,1.1791221415133454e-69,1.9411692623422667e-69,3.644759491190709e-73,1.330058748433454e-68,7.02132446848106e-69,9.83311874640055e-69,8.147868109986863e-73,6.438982483492974e-69
0.025615867162494147,1.834265124609797e-6,2.428741395216024e-8,1.540080534853219e-10,5.672503394538068e-13,1.3688393287077146e-15,2.2907676090218746e-18,2.735678861238043e-21,1.1193218892779572e-24,6.7004471074785e-27,6.273975015072752e-30,6.863683554534675e-30,1.23637888628919e-32,2.1757542955930971e-32,1.0631445026206107e-35,8.782772498614669e-36,7.443860471591626e-39,1.438588457516468e-38,1.7932609031276627e-42,2.6064408298652613e-42,2.8470103895456206e-44,3.362465717571006e-44,2.6550306124850848e-48,1.6994172226546864e-49,3.1736320738909894e-47,6.252975523433921e-47,8.214868094464388e-51,3.1150186476594284e-52,2.906767915253275e-50,4.790622109597364e-50,3.3963000045141913e-53,4.8785413967307015e-51,1.8234331304890423e-53,5.1064473296307195e-53,8.610094109084636e-57,3.369407244034345e-54,6.252876416668077e-57,9.418170936515817e-57,1.7763845130287422e-60,5.2414572684328654e-58,2.311065097996756e-58,2.2701492438628174e-58,3.2651012973258547e-62,1.3390511405519732e-58,1.2852847457145398e-62,1.4685776370938065e-63,0.0,2.6765270766379684e-68,1.3297521154050076e-61,3.7868452227025414e-61,2.183658259793692e-68,2.137862479139467e-61,1.8684161178390807e-65,1.0139703711847463e-64,1.789997688929219e-68,4.316372213814971e-71,6.67769151803237e-65,1.2912142275011808e-64,1.7367410888268152e-71,6.229969561911209e-65,1.0018754156016856e-67,1.793605785592108e-67,1.7880250818593088e-70,8.028667259303915e-74,3.125763978954944e-68,1.1076740062889574e-67,8.462018683835818e-71,2.0496017937964525e-68
0.0435980263214,1.8550069260259393e-5,1.5465067285726874e-6,7.284498220687843e-8,1.1812112578338176e-9,6.849940877538385e-12,2.3851732871930718e-14,6.512678451372989e-17,9.451560512062559e-20,3.85168899684497e-22,5.519976491980138e-25,9.57415066746819e-26,3.362817953194526e-28,6.622378125863905e-28,4.1675897101212645e-31,3.907595875794439e-31,6.25068936996896e-34,1.3682934709817993e-33,3.897931520725494e-37,6.7487380722669294e-37,1.1854789784615311e-39,1.8475041650348736e-39,6.580560437902756e-42,4.82029585673117e-40,2.298212505531827e-42,4.0535757309039976e-42,4.976242082061535e-45,3.595097787606524e-43,2.6797988465927235e-45,4.544371922593322e-45,1.3100309018720474e-47,2.077109068713145e-45,3.1624437093533755e-48,1.0460061225491711e-47,4.618979461347056e-51,6.836810351517428e-49,2.0913633623011644e-51,3.718385750045008e-51,9.121209943831139e-54,1.413749374666179e-52,4.954286536188713e-55,8.259914407747921e-55,9.064969606858088e-57,5.021775044597006e-55,1.490297119851536e-56,2.2473259277841835e-56,2.8743591080213505e-57,4.061037855624049e-60,7.630058248585475e-57,1.7662599061335363e-56,1.3642272232605575e-58,1.2466530516813795e-56,4.972946141301554e-59,2.0455205829820828e-58,1.1186700382552978e-60,8.943937930941525e-61,7.927824239766278e-60,1.2845293930852992e-59,1.226774133602391e-61,1.1420134540760972e-59,7.737986759309247e-62,1.566580167302746e-61,9.257368561540072e-64,4.2082784496404917e-60,9.9331367706791e-63,3.3861511497328768e-62,2.9610994417705757e-65,3.860707739818144e-63
0.04823398820256474,4.1276478540648814e-5,7.172523472123637e-6,6.691966037734769e-7,3.671710557479168e-8,1.621958838533517e-9,2.3578798174196316e-11,1.3222874741656646e-13,3.373908442141254e-16,6.612655223601956e-18,1.8992723444852955e-20,3.50568827022836e-22,7.559674539145837e-25,2.534510694877231e-25,4.01191921769865e-28,3.4176227723449827e-28,1.3590860869716668e-30,3.152820725196646e-30,1.1685380452462162e-33,2.108353003263035e-33,3.560744845544489e-36,7.11803277636727e-36,1.3237278548250072e-39,5.952689974552479e-40,7.033937132928639e-43,1.5467149816912195e-42,1.0906952477893354e-42,7.19914133337767e-44,2.3606271849467684e-43,3.612151993695036e-43,1.968583473639012e-44,1.8210352325523362e-43,3.1797170498381076e-45,1.2112569638912435e-44,9.797655385512131e-48,2.0051780659187246e-46,3.1806549813453846e-48,5.825216691789305e-48,2.617687388900177e-50,4.464579676259282e-48,2.5102086160999208e-51,3.514845933051459e-51,8.805486742294444e-54,2.1043113249696468e-51,2.995616922691069e-54,7.451496944163824e-54,8.091745928546255e-57,4.9406462162324025e-52,2.2812324486536976e-55,2.6119873666587674e-55,1.563606592752234e-59,1.5684282924318659e-55,8.88180076282137e-61,6.991818289533998e-64,1.562476896273154e-58,1.0908588966763386e-55,1.0528179848640475e-60,3.401423058613803e-60,3.4971958892814187e-59,7.059855215612589e-63,1.7431424452002765e-59,3.3572786251877864e-59,1.2547915475297302e-60,1.1331120403172428e-60,4.4969755500963725e-63,3.24867914583399e-63,3.885227233057526e-62,8.592434249639461e-64
0.049544554686960916,7.052108591527163e-5,2.2028083055720382e-5,3.7069931665093847e-6,3.839411827990969e-7,2.8286198871684934e-8,1.267992434714357e-9,7.092948707199466e-11,2.0752568575501656e-13,3.336249370375444e-15,1.3037176896284815e-17,2.7545805345143826e-19,1.2725118392373896e-21,7.425498344637762e-23,3.088442802609308e-24,8.136581009657319e-27,5.985763366070387e-28,7.992886676004573e-28,1.028503083043745e-30,1.830705776260487e-30,1.546532536199513e-32,2.9929958783030854e-32,7.179373718737203e-36,1.1165116253308924e-35,8.731860793515633e-38,1.871888733669747e-37,1.9035890812559708e-40,2.631105191647801e-41,1.2498409550076311e-40,2.4156091316979455e-40,1.0568050235106704e-44,1.1715950256303604e-40,9.901093350174933e-45,1.6699777751209174e-44,2.1720728671684056e-48,1.7640615381286688e-44,9.31971796777216e-50,1.426864920629552e-48,3.4533895565777023e-47,4.354991760621257e-51,3.2783285857101026e-50,4.083644275533045e-50,1.6646138298254414e-50,2.1412805469227395e-50,5.033347393508319e-51,1.4046118878732837e-50,4.1337440241042615e-52,1.0139589842863418e-50,2.0803257705087216e-54,2.8514235559174605e-54,4.6103832586785535e-53,2.698584390785937e-54,1.2986098735809979e-53,7.932070970922118e-53,8.469932005476312e-56,6.317640720025012e-55,7.567554798326183e-57,2.115615861965248e-57,2.7278102999239703e-56,4.4517140982349435e-57,1.85201629162859e-56,4.439134022454467e-56,1.71500426299777e-63,5.887439342570783e-58,1.6613230659169546e-57,8.888862599947237e-57,2.5863088888903546e-61,4.813507155587371e-59
0.049579043779591804,9.814006618479935e-5,4.7846059660243694e-5,1.2968211973146918e-5,2.1875400580070897e-6,2.5113516763580496e-7,2.073469299148743e-8,1.3788118987835816e-9,3.0512987248266974e-12,2.2561074032484368e-13,4.52425567445068e-15,6.444389838661858e-17,5.027205652014994e-19,8.185758270318436e-21,7.608131437585244e-22,2.3992287701805813e-24,1.2671264762365618e-25,1.2627768819700507e-28,2.0309888475145698e-29,9.492195611676737e-32,9.932914556549087e-31,1.7915709184266783e-30,5.273593812489592e-34,9.090863116015933e-34,1.8628363494161885e-37,1.778993944116468e-37,4.948054977942702e-42,3.048615721116767e-39,1.223208233580012e-40,5.229355092689849e-40,7.645695767473969e-41,1.3973161547354239e-42,1.7163277999117395e-41,4.646786090833142e-41,3.5463485562998404e-44,6.895636068102436e-47,1.98249343521778e-44,3.4146426507393675e-44,4.572306842551109e-48,2.557936181772137e-44,3.0835284794369245e-48,6.050212451613879e-48,3.202231129402108e-50,4.027585010737776e-48,1.335217041717586e-50,1.1020543140070798e-50,9.591912743045544e-51,1.5990156828243465e-52,2.358900549334388e-51,2.656147266326356e-51,1.390094003542709e-53,9.30218610332291e-52,6.446707546126154e-54,6.474595207501392e-54,2.4309513645975462e-58,6.745022366184196e-55,2.1709091887341728e-54,3.4396964129322687e-54,2.4063551943896845e-57,2.2486942788479378e-54,1.3521775639025052e-57,7.37936344920496e-58,2.396925699258165e-56,1.0268685777157434e-54,3.24150216813838e-58,2.4312479071400922e-58,1.2146173519176798e-60,4.837169763510884e-59
0.04932249889149859,0.00012014101027930986,8.302990732019118e-5,3.35623542432515e-5,8.583933320904002e-6,1.4945184200542884e-6,1.8775452538838824e-7,1.924540953656786e-8,3.9232217691905e-11,4.257483845998196e-12,1.5622075746956119e-13,1.444984302488816e-15,4.719288119627191e-17,4.169222514610268e-19,5.047568129700336e-20,2.255833061564093e-22,1.1904664135954553e-23,3.0139236014166e-26,2.714709659378115e-27,4.926472389273955e-30,4.748442177034246e-31,1.615767292139566e-30,1.948518086095793e-36,6.890719145252555e-34,8.16093198782572e-35,3.1124924568047703e-37,4.5625016003988767e-38,1.172222264399672e-37,5.816943616874198e-39,2.6047976639243875e-38,2.211728826695947e-40,4.2964579974406766e-41,3.3179931908993455e-42,4.113728993782647e-42,1.5682836113771866e-43,9.917495184884229e-45,9.632073993198563e-47,8.838256629045262e-47,4.563525311830848e-50,1.839112174645641e-42,1.7386700493367015e-48,3.538910893659925e-48,1.2649227309316645e-49,1.37885843020528e-46,3.522927276250364e-48,8.38160923070706e-48,5.774673451315051e-50,6.236095195552056e-51,7.062370746496872e-52,8.40068286065658e-52,5.745157120385509e-53,6.028865010722629e-50,6.759514646035022e-52,3.5521130681466786e-51,1.5476702368627386e-57,5.150658458981882e-53,1.1676315679848426e-54,3.686708442051307e-54,3.277227499977496e-56,8.741798194583205e-53,3.7314732399345695e-54,6.95575003193555e-54,1.469730591195223e-55,6.354618001765335e-53,6.060983323282339e-55,2.663072300333174e-54,2.6855870696760167e-58,6.222677144368609e-61
0.04872628704199239,0.00013777179649279478,0.00013428908846833064,8.488066765444594e-5,3.536459989197895e-5,1.0170623238518378e-5,2.116833346288596e-6,3.7710577853723854e-7,5.689465526973668e-10,1.1214413952137525e-10,5.717727484968959e-12,4.894743543665325e-14,2.947287869227568e-15,2.1021342646599075e-17,4.199540331299838e-18,2.8048168047619746e-20,1.3049658479444135e-21,4.15903561545104e-24,4.094016322547853e-25,7.302999318046078e-28,1.0837896848688588e-28,9.88864451605455e-31,2.0273479876639404e-32,7.099908708236196e-34,1.366220980586584e-34,3.720645547642575e-37,1.0399901205000547e-37,7.43855579319208e-38,3.8834342884121677e-38,3.743581471254502e-38,3.802844952893876e-39,1.1529017905155838e-41,1.7084311624580016e-41,8.635593809826729e-42,3.015347316252745e-42,4.186007296614793e-45,1.3297617206866856e-45,2.6747986781074555e-45,1.2857714484955893e-50,1.7126394286258493e-42,6.152092722826486e-48,1.246145882789808e-47,2.3013594113890053e-48,9.912313141168635e-47,3.3669246226578064e-47,1.3710323657970958e-47,1.252841005281789e-48,3.070980530967407e-51,2.650765008781857e-51,2.6420911062588002e-51,1.1577795529391303e-51,1.3725758737300432e-50,4.48755651928654e-51,4.800916392460089e-56,7.091752530744374e-57,2.8106509107382906e-53,9.9992660988596e-54,4.4413508067399556e-54,4.937940655607539e-55,1.349161186962221e-55,1.4483359246965623e-53,2.3428489045463e-56,8.041120662713062e-55,1.8582518321877444e-52,9.922922900113717e-54,1.7970952152675682e-53,9.633965671369058e-58,6.3231827618231506e-58
0.047037674270759396,0.0001423243512777285,0.00018066694026014175,0.00018130662190195623,0.0001348112846394256,7.307306459014567e-5,2.9310809606341293e-5,1.1514557271841938e-5,9.036733059885965e-9,3.6673210500119416e-9,2.967371951051867e-10,1.6750950999674912e-12,2.721385469931935e-13,9.297431787529947e-16,3.2861608974999895e-16,7.423934282857733e-18,1.2489910660342424e-19,1.1887618982689457e-21,4.3175203859611015e-23,1.2985462078782925e-25,1.5517273603309227e-26,1.8733894421385536e-29,4.605044893989082e-30,6.517190871543238e-33,1.405924900698305e-33,1.1884787982640719e-36,9.43018123241025e-37,3.246078684538592e-38,1.3129929142233098e-38,3.3202391322811275e-38,1.7977869267946763e-38,1.7281517264743983e-43,8.598842628232641e-44,3.853847600580538e-42,8.562787067061074e-42,2.7293388239306982e-42,1.3828765695762225e-45,1.6108687543159944e-45,9.135414182547819e-47,1.6532324105951287e-42,1.6344219379650796e-47,5.2065924627068244e-48,2.980531895744879e-48,1.352287247902914e-46,5.700548642588036e-47,2.5517831827080966e-47,5.170246015536423e-48,6.078753382646991e-52,1.2992879973052853e-52,1.1700049165459659e-52,1.1611116494869021e-51,1.4844569576378667e-51,5.503631542843992e-51,6.876889735307015e-52,2.7590136193355175e-52,2.871535292355229e-56,1.0458334683026693e-53,7.491710851130459e-54,1.9221626142887828e-54,2.9863975076064632e-55,2.4752462509059475e-55,1.4069798215044216e-55,9.526632555797531e-56,2.138895241970192e-52,4.309788976392365e-53,3.342939401610001e-53,3.6204731529550395e-57,8.44529146985156e-58
0.04241536394307024,0.00013000291771522347,0.00017769931318204697,0.00022460502408239242,0.0002557148522102979,0.00024777463883548893,0.00019516295074085535,0.0002196910031331717,7.434425242864466e-8,5.113057762792805e-8,7.0022009382053755e-9,1.4743480877528723e-11,8.250189030289535e-12,8.802032664427562e-15,5.206725993095457e-15,8.612695383115602e-16,2.2341191427003663e-18,2.0454560082620975e-19,6.976741171206212e-22,2.7061341179393375e-23,1.9966576218935736e-25,2.5457320060828704e-27,5.871854316888157e-29,2.0108075898647774e-31,1.7369146042594575e-32,6.003302248944043e-34,7.884478101236284e-37,1.707952299825439e-36,4.807590559666854e-37,8.492766862859877e-38,4.8585369290303305e-39,1.3921318593933846e-38,4.2509350948330706e-40,2.57630004360976e-43,9.827870554376767e-44,1.1703140163533606e-44,7.681321393163321e-46,1.6561189798561567e-45,1.8055850580945396e-48,5.117809811256877e-43,4.990653934838884e-48,5.63543396110793e-48,5.0427584442780104e-49,1.569168791188106e-48,8.446294971157027e-47,6.418662307952193e-47,2.787806521273933e-47,2.8054974236469084e-49,2.3346571652037555e-50,2.648330713857378e-52,4.357458803721878e-53,7.528986436753211e-54,5.344139248528487e-53,8.327654600601343e-53,2.5424135934160103e-52,6.176790617388481e-52,6.499417947576803e-52,3.308075713353388e-52,3.665052977863838e-54,2.735058254089135e-56,1.8278916190485676e-56,1.6797426325411677e-56,2.104636870583044e-56,8.215292947392996e-53,8.689487983157833e-53,6.812816814930998e-53,6.769130649760567e-56,2.3388987220372322e-57
0.035976956783830324,0.00011071618185538171,0.00015259786272128206,0.00019850064738064028,0.0002479201389166544,0.00029464166281813566,0.00032196566737436916,0.0009096539409582788,2.1575695062311497e-7,1.6954053829239896e-7,3.590468790350141e-8,2.6754724736941532e-11,2.774964604423674e-11,1.3263849944631014e-14,1.1862860643776891e-14,6.935781552859819e-15,5.620039252789937e-18,2.0358407115123444e-18,1.8455637606251215e-21,3.644329378903423e-22,4.8009695531889995e-25,4.6977277473999894e-26,1.1596722219213038e-28,4.57968828043438e-30,2.8016579892245904e-32,2.2447492475463133e-44,9.796166763605736e-44,9.209632848693277e-40,7.71908831946571e-39,1.8643930952396575e-38,1.2790683203371723e-38,1.2923257096380864e-38,1.1258155730429074e-38,3.372700345644772e-42,3.183618489294921e-42,7.0075469952483726e-43,1.2214635797265844e-43,3.3675988360982576e-45,1.064707521989532e-45,1.3964779092020946e-45,9.720446843129303e-46,4.031943426770826e-46,3.098171524835489e-48,2.9794785148624863e-48,2.0959220313556723e-48,2.3798967917822723e-47,6.931023276606731e-47,3.175953240217272e-51,8.735621089547274e-52,1.2313710782899164e-51,1.6219797694781516e-51,2.146552400781198e-51,2.4443106827266804e-51,2.1003061645261467e-51,1.5671960458906956e-51,8.262352068038592e-52,2.1395923157693713e-52,6.029176788972243e-53,1.6244075694617004e-52,2.6369462504557777e-52,1.0440743115656068e-52,3.629918599600952e-55,3.65471366194161e-55,2.976472332162413e-55,2.0217995466172538e-53,1.058546424707645e-52,1.1853167137407479e-56,1.020018607137227e-56
0.02910144279373228,8.968074170123382e-5,0.00012386704613336555,0.00016185664232416702,0.0002047472696364643,0.00025322040833506977,0.00030547456835889524,0.001874783479995356,3.978252067855719e-7,3.2951980944578476e-7,1.2177216942087364e-7,5.256766701544915e-11,4.2762360143324804e-11,1.4417611330129776e-14,1.4769072615182442e-14,1.635035488675445e-14,7.20977194965729e-18,5.400270840219948e-18,2.5687371977214973e-21,1.1748352479643403e-21,7.074098689747994e-25,1.9015181598132375e-25,1.6968830846951747e-28,2.3777946416061923e-29,3.665912829506232e-32,4.665478699052866e-45,3.4417716646955814e-46,3.1630995006077054e-45,9.069175676348239e-45,6.569370837790228e-44,1.2506887119631688e-39,1.5492566036473254e-38,2.9236489907478455e-38,8.891558626029045e-42,8.659181883959428e-42,2.42353483839086e-42,1.4840999721328205e-42,4.94545702809915e-45,3.0147848671704273e-46,2.4490006725096554e-46,2.040880182873444e-46,7.32418189895829e-46,9.453125920750181e-46,9.688714831493593e-46,4.659013868042541e-46,4.950645849817759e-47,6.368213407489663e-47,3.550660799744621e-48,2.1365074978431603e-48,9.579863787976362e-49,6.687221949945329e-50,5.1445658996813906e-52,6.21384463553798e-52,7.241429037610472e-52,1.1271745642502376e-51,1.731560796583597e-51,2.054146287498982e-51,2.415940691175305e-51,2.0049441452501547e-51,1.610100922972818e-51,1.061398053198416e-51,4.918856645176357e-52,1.473521446980462e-52,1.6510534952040016e-55,2.0616035252342268e-55,6.6039618371788545e-53,3.5906474024972555e-55,9.1439651309894e-55
0.022772938091956,7.021881423496677e-5,9.701524375530966e-5,0.0001268668780828586,0.00016078696221308018,0.00019995341135760708,0.00024554456950193,0.002816858194301842,5.85935982304945e-7,5.003414429980709e-7,3.2498939687685897e-7,1.1285328868902491e-10,6.565442032089716e-11,2.2674405223920795e-14,2.2935619852206784e-14,2.3854106354234963e-14,9.174954175517785e-18,8.687883041414475e-18,3.2111145875342117e-21,2.1753698985401986e-21,9.257064794523684e-25,4.136165207997851e-25,2.2990176276756843e-28,6.195543040902302e-29,4.8013006294000534e-32,1.1550800782886865e-49,3.0367352733040356e-49,2.1821413445342717e-45,5.014812073915387e-46,8.795814582096855e-46,3.727341406423161e-45,5.205797550345287e-40,3.478470333795402e-38,8.518213053885596e-42,1.6998498746868313e-41,3.9435154899012365e-42,5.544973968489854e-42,5.751840077874301e-45,6.649229345509847e-47,2.113578143437851e-46,2.5591401056530447e-46,2.261424559345579e-46,7.783867568003459e-47,5.443683725136052e-46,1.2874666766137763e-45,7.511820590267672e-46,4.533109343247792e-46,1.7855062117755558e-48,2.684579381321057e-48,4.1002290404819254e-48,3.033979594549133e-48,2.0094048227285538e-48,8.417311216728315e-52,5.11228312670557e-52,5.1869168721891865e-52,5.250950831281642e-52,4.784486807081557e-52,8.465878560397675e-52,1.0988444643179728e-51,1.8466362181193625e-51,2.68888359336607e-51,2.4306237589051443e-51,2.207102920290146e-51,1.2516423581093609e-51,1.927316980455831e-52,3.363091205035046e-53,1.1971618090767494e-55,1.879739012836317e-54
0.016084740280343988,4.9638731934253584e-5,6.85699164810125e-5,8.966704446881326e-5,0.00011366118347135262,0.0001414418354014757,0.00017410391077427696,0.0038212329620734647,8.243998868155688e-7,7.218041401239855e-7,8.723367875940786e-7,2.7014629783848705e-10,1.7029381834040393e-10,6.020146796362071e-14,6.217979935010572e-14,3.724196964116256e-14,2.0696061675480162e-17,1.4197472755987355e-17,6.235039324135859e-21,4.107706274441738e-21,1.7577736201927484e-24,9.26264253445563e-25,4.419430657795643e-28,1.6728214597105186e-28,9.100921178546737e-32,2.7612377343674773e-47,7.01759068789796e-46,1.5022820598184395e-42,2.5259924563758776e-49,9.400044664034647e-50,8.647200644398247e-47,1.1772015586670414e-45,2.740325388246912e-38,4.5496277946777147e-42,2.485121697335278e-41,2.373291976754851e-42,1.1128238392943241e-41,6.216186996926631e-45,1.3350837285311198e-48,1.8438324822133265e-47,5.909879955763036e-47,2.488073222469849e-46,2.337734270213832e-46,6.614438371802946e-47,4.61477910801263e-46,8.008649587131576e-46,1.7259917614869798e-45,5.019869659026874e-49,2.719695428982985e-49,1.2881484060289238e-48,2.323791828973021e-48,5.057418869687606e-48,5.438451280319436e-48,1.3181378883292673e-51,1.178695378637678e-51,9.236897255133753e-52,1.5340139761766637e-52,4.159975359706308e-52,3.652165606810618e-52,5.012051337081601e-52,4.982712208573825e-52,1.0423901649829225e-51,2.4813828299841865e-51,4.337989685199275e-51,2.423013217532471e-51,1.4109455366445814e-51,6.272953269161522e-55,2.0904783115404618e-54
0.011795831164178849,3.6446282978199185e-5,5.0330544604716685e-5,6.580392486949572e-5,8.340323266510608e-5,0.00010378307268316257,0.000127756617077824,0.004465108517197562,1.0299032746533204e-6,9.174192697024776e-7,1.7070492927170947e-6,5.227846735104308e-10,4.488112350804994e-10,1.5428654448291695e-13,1.5904743538511435e-13,7.529474281833408e-14,6.390153729678178e-17,2.531109547399933e-17,2.063567838962671e-20,7.715801380476346e-21,6.2492276895971825e-24,1.9798570917765375e-24,1.6575320244027606e-27,4.16819724982803e-28,4.155132212876262e-31,1.5414394727323552e-45,6.936817606048111e-43,1.1626767530179823e-42,1.7033728202478675e-42,3.6902186572032786e-46,5.27410946374067e-47,1.7237589896394277e-45,2.464623083103033e-38,3.534014148461542e-42,3.0007072381234257e-41,9.343118408513593e-43,1.347941229555216e-41,7.827929206374478e-45,1.1976922382351276e-49,1.332624594554416e-48,6.721281293046832e-48,9.170215070225475e-47,1.7403525262868395e-46,3.476358666270986e-46,1.169759481310487e-46,3.8688789018209e-46,2.4737386738161684e-45,1.1071378203092332e-48,1.9450679854172534e-50,1.8069588742513082e-49,5.9491614628112024e-49,3.1664527572706286e-48,1.0495539235126786e-47,2.475934560808566e-51,2.935220074741329e-51,1.4267105686034874e-51,3.9252665581209753e-53,2.3703771404375767e-52,3.2885994446580196e-52,7.691197208000204e-52,3.7145512882215693e-53,1.4262487377523112e-52,7.581843177104596e-52,3.332814032467726e-51,3.4726461723823303e-51,4.585865670472076e-51,2.5033192263330624e-54,2.206282538840364e-54
0.008355425713623271,2.5870467697656392e-5,3.570689251514519e-5,4.6669876089578646e-5,5.913988027290862e-5,7.358085674795731e-5,9.05695075035819e-5,0.004980305897611248,1.2756155468135328e-6,1.1567772754456976e-6,3.1692003083859048e-6,1.0227335663034465e-9,1.2574832797210067e-9,4.368594611941265e-13,4.401298052291588e-13,2.374872607447688e-13,2.627833536189957e-16,7.141378521084435e-17,1.1867928326308884e-19,2.0108238638402406e-20,5.0372335946489053e-23,5.4987672979140916e-24,1.8231084760820437e-26,1.3416114576865173e-27,6.442748826965901e-30,7.077829856458151e-49,1.6215687442903974e-33,2.5881117643437118e-45,3.912338617532859e-37,2.6956025178182434e-45,6.517860635503903e-41,1.281013469564325e-40,2.400286563133914e-38,4.304593911169653e-42,3.6420265548283594e-41,3.2959049854319837e-43,1.4374636210441877e-41,4.0084365797113564e-44,1.0325427639078025e-45,8.055723426094899e-48,1.107005111007608e-48,2.3428252170341977e-47,7.213628989199375e-47,5.533384684701562e-46,2.7385649982567303e-47,1.384856964704154e-46,2.8136418125178783e-45,2.1110740628053498e-48,4.7179949896062955e-51,1.4554008853491282e-50,8.022363170696313e-50,1.1682183038499104e-48,1.319100810391319e-47,4.297199329660416e-51,6.604769760967372e-51,1.7168233867015684e-51,6.820998888894249e-54,9.041054937299691e-53,1.999297045597889e-52,1.0853979840513635e-51,2.1752722799963585e-54,8.745582432552033e-54,1.1523483374680906e-52,1.4508683515161896e-51,2.6213582884074218e-51,8.128753817991425e-51,6.457154610405134e-54,2.2841128280826954e-54
0.005848507067451111,1.8171658119609417e-5,2.505965924076167e-5,3.273783893234703e-5,4.1472868846293054e-5,5.158983182760649e-5,6.349278588735128e-5,0.005353614619529187,1.579083710292801e-6,1.4579935531914477e-6,5.5068111903499615e-6,1.9833119838102714e-9,3.3621631332064147e-9,1.2596484665161484e-12,1.227611522196981e-12,8.994371777015758e-13,1.1559216443163305e-15,3.1683969697145766e-16,7.9899678928815e-19,8.797929610474479e-20,5.242939372656141e-22,2.3319378692627967e-23,2.887140687205501e-25,6.0569294915254584e-27,1.5599461790716258e-28,9.247556987663456e-32,7.133316267380484e-32,3.857940524579407e-44,3.467493396507305e-35,1.1405839037224857e-44,2.090404068989571e-39,1.1344354248554495e-39,2.5293214389759986e-38,2.7479502536722045e-39,4.607779406653713e-41,1.0506394798529919e-42,1.499176077054718e-41,1.1494732962000401e-42,6.604088846542693e-45,2.210013181644777e-46,3.078218612672384e-47,8.278537455239859e-47,1.6078923874817507e-47,1.3679397020992913e-45,4.3698697153181104e-47,1.9366626849429894e-46,2.916152635512709e-45,3.6457500270127797e-48,1.2619178854067744e-50,2.6681372534398194e-50,4.6004788596049545e-51,6.3295738489109765e-49,1.4096274594833543e-47,6.083233237157001e-50,1.2151407008473596e-50,1.887070672010975e-51,5.319365914590849e-54,4.313409876259151e-53,9.150213732624207e-53,1.3055621443467946e-51,1.5668400292166592e-54,4.155880151775044e-56,1.2902946407812804e-53,4.7231401159951474e-52,1.385529442020967e-51,1.0415074488171147e-50,1.2443569085389565e-53,2.3159730047512554e-54
0.004023737151763905,1.2575926379179788e-5,1.7319401436244633e-5,2.260923297045012e-5,2.862951695278977e-5,3.560450821086589e-5,4.381288554844178e-5,0.005622027314044498,1.9925966038002524e-6,1.873349219719275e-6,9.231579626855304e-6,3.925711181577404e-9,8.7293495043411e-9,3.773034555847166e-12,3.5424795454380208e-12,3.5683396912490987e-12,5.342252532697693e-15,1.7714539200423633e-15,5.77532148935026e-18,6.228422211777254e-19,5.9558366632210566e-21,1.8537832882691133e-22,5.063886994665882e-24,5.165846835158382e-26,4.263327549450865e-27,1.2766561381032786e-29,2.9983965770490353e-30,1.884413220533746e-33,1.911918426599863e-33,6.036591506123524e-35,9.948410204085288e-37,8.354340250780055e-42,6.732647323287158e-38,8.401885854707064e-38,8.478202054737157e-41,1.7833324723473108e-41,2.962885635402456e-41,4.357391378766865e-41,1.6223234772637166e-44,5.5126399624587604e-45,7.969260148000217e-46,2.1398665119928173e-45,1.4689552647452527e-47,2.114775149125536e-44,1.0522379126814726e-45,4.2951642310295376e-45,2.7365629063494562e-45,1.1303119462266079e-47,5.186111394668978e-49,1.8817092502159066e-48,2.196182728674086e-52,1.2117688015330875e-47,1.4558636805593966e-47,2.5396565970245435e-48,2.0231773828564193e-50,5.885948982476001e-51,2.1482057331321825e-52,8.823060394534607e-52,1.085122116232614e-55,4.262865745550407e-51,2.5397539001824033e-54,1.3982154157835331e-55,3.1754623071577093e-55,7.60869130707955e-54,5.342945164200753e-52,1.1312153247857785e-50,2.1055554335909796e-53,2.137042699082917e-54
0.0027148427602789113,8.571195749947901e-6,1.1778832558675165e-5,1.535951331229597e-5,1.9438493535787158e-5,2.4168100936750562e-5,2.9737552777349796e-5,0.005809261779502834,2.5945214979901818e-6,2.4814003780205376e-6,1.5145827845160165e-5,8.048998506968599e-9,2.2274809756586317e-8,1.1864248919104598e-11,1.0731820526246684e-11,1.421433916606211e-11,2.6007474274084595e-14,1.0640225164285727e-14,4.431890405907268e-17,5.466386239852555e-18,7.209865255291678e-20,2.2607895100041607e-21,9.503811791836724e-23,8.365492119106272e-25,1.252756583907752e-25,3.1987599268215075e-28,1.3642714546947271e-28,1.595278499676629e-31,1.266816764483775e-31,3.787709582313255e-33,1.032152649277623e-34,1.5959737103007593e-40,1.4967851631921284e-36,2.3250315813680736e-36,1.3458245542883322e-39,3.4396529603348004e-40,7.804834186347941e-40,1.9957360516562677e-39,6.817746498784097e-44,2.9860899328367865e-40,2.4052229182459086e-44,6.412908921771743e-44,8.710718134674207e-46,6.132456648570587e-43,3.3079264079004276e-44,1.3465886152340677e-43,1.73159059281992e-47,2.674178338315588e-46,2.5800013666871224e-47,9.21590133213496e-47,8.992607694211292e-51,5.482065929565902e-46,2.564667299305243e-47,1.2633217920479199e-46,3.751436184975628e-50,2.805902901108636e-49,1.5424468633283402e-50,6.33301539805006e-50,1.442862190718703e-54,2.0583642607522913e-49,6.473585617912356e-54,1.3990609507428612e-53,4.9917162638160614e-58,7.011143866134143e-54,7.240355026332316e-55,4.750141967020422e-51,3.337594031940884e-53,2.262515043649359e-56
0.0017870261058088174,5.742487350529893e-6,7.865202384550643e-6,1.0240611536421234e-5,1.2952875880013568e-5,1.610395501710919e-5,1.9820388591911033e-5,0.005933432493696165,3.5190382545810017e-6,3.415404945015776e-6,2.456783431303729e-5,1.7290781189704138e-8,5.6551228340548234e-8,3.958585256780172e-11,3.4581069236731784e-11,5.6792001666228937e-11,1.353210196761037e-13,6.574659208005983e-14,3.668144919070152e-16,5.1906496327456007e-17,9.471163465109128e-19,3.277252482780539e-20,1.9510678152250528e-21,1.8639563039136866e-23,4.051519148835372e-24,1.1884700025185116e-26,6.898888730440713e-27,1.045056587951433e-29,9.786302909686027e-30,9.907143232493903e-32,1.2349735497181816e-32,1.4039351100457419e-36,5.762777466638777e-35,7.340885532947658e-35,7.132645808559364e-38,7.884073578943497e-39,4.686871545856337e-38,1.0636274789196698e-37,2.1102743923897476e-42,6.997467101467572e-39,1.2502718742967236e-42,2.577970615094924e-42,4.892033502076335e-44,2.169852024476526e-41,1.2017447982616655e-42,4.953898078501037e-42,8.311840713834465e-46,1.3818199391272758e-44,1.454868246360124e-45,5.152011426559405e-45,8.429126907466181e-49,2.9222762606875044e-44,6.23968189708822e-46,7.24919603290107e-45,5.594596052685958e-49,2.2705581823450164e-47,1.3120238194304045e-48,5.4025290173002645e-48,1.7174579493219434e-52,1.6540880677230813e-47,3.084451489907268e-52,1.799440120069405e-51,4.228754987351228e-57,8.368607286601551e-60,6.0598825433015e-60,2.1619537953492345e-60,3.789522098464244e-53,8.404107300841302e-59
0.0011345261597649826,3.7644097634688876e-6,5.130311396745082e-6,6.6683891793144764e-6,8.434883044220336e-6,1.0497296047057484e-5,1.2939247676345625e-5,0.006006820535901863,5.017363578993661e-6,4.918230759133131e-6,3.964201260937018e-5,3.927886482441108e-8,1.440292337106737e-7,1.413595018963955e-10,1.1951597930925399e-10,2.286826742451123e-10,7.670537891214973e-13,4.1548777388820757e-13,3.3622127528649043e-15,5.150660671781047e-16,1.3947084468402985e-17,5.158936884052102e-19,4.5538268145456737e-20,4.830369700367372e-22,1.504344740727194e-22,5.532239142157044e-25,4.050084108461476e-25,8.660634319035589e-28,8.996273321687022e-28,4.1012305663146084e-30,1.785824363645479e-30,2.230248629933756e-33,2.6921556518218685e-33,2.877064259114963e-33,4.755399844238992e-36,2.237795449509789e-37,3.435640566311295e-36,6.847569244462399e-36,1.1372847253187691e-40,1.8919741124211497e-37,5.362959680206099e-41,1.1651612738106883e-40,3.5740932631685115e-42,9.731871308539161e-40,5.306785780947026e-41,2.2624871782012523e-40,5.622262786429956e-44,9.380889787589822e-43,1.025550200242474e-43,3.576529420828659e-43,1.062008126012732e-46,1.9398291935442208e-42,3.667804201789886e-44,5.066903942237915e-43,5.837073786436655e-47,2.312565799003423e-45,1.3822172099741615e-46,5.72822048819918e-46,2.778940035990678e-50,1.637689900690107e-45,1.271283094311111e-49,4.468982844523793e-49,9.172305923092375e-54,2.0627171836071713e-58,1.0233969897345918e-58,1.9974937523889837e-59,3.4061347652722575e-59,6.070937598717753e-62
0.000673773487306639,2.380264950482334e-6,3.2226785244024653e-6,4.187545586569641e-6,5.312931584446315e-6,6.643451826385879e-6,8.234183440572185e-6,0.006035949537498944,7.644028981588319e-6,7.491884284147124e-6,6.368095652974125e-5,9.550851755985394e-8,3.6823129801067797e-7,5.450417509041788e-10,4.442301217221153e-10,9.230318048261284e-10,4.897049815019579e-12,2.6612951422644513e-12,3.59042174414998e-14,5.255020596686743e-15,2.448214358611802e-16,8.628816783928347e-18,1.2967357462590801e-18,1.4331040367587123e-20,6.909582202465634e-21,3.228570970160475e-23,2.9805254385439693e-23,9.311598670325359e-26,1.055509423573071e-25,2.8784751162616173e-28,3.342938518847085e-28,8.18797788079539e-31,1.4910929564284395e-35,2.478630809433303e-32,1.9429733452403646e-35,1.1572907286705921e-36,4.12868488331327e-37,5.811682051997223e-35,1.264045242507167e-37,6.639856974502513e-37,8.11314061026134e-40,6.842563748139081e-40,1.1095177642746231e-40,7.867882753870362e-39,3.91512954813516e-42,2.677061623673835e-40,3.4151763163222762e-40,1.2683438906387406e-41,1.2166166261743942e-43,4.471731286763977e-43,3.9544105114732296e-45,1.9910864020533125e-41,9.443156441282783e-43,1.2381010284307172e-44,2.969313203117219e-45,3.590254026597535e-44,1.1341311996716994e-47,4.0915310501666965e-47,2.3525146121007305e-46,1.58236344580628e-44,6.870158505077902e-48,4.822600923872069e-48,1.1850031611968793e-49,8.583903626424884e-58,5.3294573097042655e-58,6.534511990607721e-58,2.4383922526044273e-51,8.60552947456613e-52
0.00035315993471942683,1.4310003473672358e-6,1.929370730726585e-6,2.527753747417785e-6,3.253488408494516e-6,4.136749219251066e-6,5.214881192860658e-6,0.006023405885271425,1.2606349477762895e-5,1.2047024434953591e-5,9.829945817224056e-5,2.4136055400112887e-7,8.829428359364568e-7,2.1230557866266387e-9,1.6323498008110928e-9,3.336306750092051e-9,3.4487180896185495e-11,1.4951347877348108e-11,4.428977421300014e-13,4.657254513084958e-14,5.0288049834538925e-15,1.3203221777106564e-16,4.36282791603683e-17,4.50157807625409e-19,3.7145037051659447e-19,2.195233672522739e-21,2.5344549315065713e-21,1.1617816746668839e-23,1.419618334741045e-23,5.885722779633196e-26,7.07120515015737e-26,2.7172861248245573e-28,7.25695528915329e-31,1.3649443743981595e-30,3.395217447565028e-33,3.364346826898349e-33,1.4095458975357042e-34,1.573526099461505e-33,2.436660864778146e-36,5.69488513256621e-36,1.1671205321730861e-38,1.3689324755794185e-38,1.573824794022879e-39,8.748812451240483e-38,4.001989259470171e-41,3.883458950475054e-41,2.159442325260163e-39,2.1125108166333378e-40,4.957065662523702e-42,2.432372528679488e-41,6.140465074955894e-42,3.507622896717272e-40,1.0050421125437408e-41,2.588154053049154e-43,8.35558707925938e-44,1.1168907307121684e-42,3.457585659006991e-44,6.069342876613337e-44,2.294990468684821e-44,6.594167030480054e-43,5.1786429846386625e-46,1.5472313250260802e-45,2.226950390471486e-46,6.292087416691248e-58,7.73090254739276e-48,1.3093309029879683e-46,1.0309016298643764e-48,3.6069519181618026e-48
0.00011280850967837604,7.411117116757722e-7,1.0256039308560312e-6,1.4128102269649347e-6,1.922776078470053e-6,2.5733795946548663e-6,3.3903114171267244e-6,0.005973340094305249,2.463424590928851e-5,2.1038367349607013e-5,0.00014028821104829797,6.537690776053336e-7,1.8567586876697095e-6,8.315701867787048e-9,5.5687557575096e-9,9.603425039185314e-9,3.864861053738012e-10,6.550998871844605e-11,9.932227535010986e-12,3.6829939208714494e-13,1.9258212663673952e-13,2.856075685367043e-15,2.7868164562522867e-15,2.924620467181282e-17,3.744591007370314e-17,3.097747960307529e-19,3.9519530250143406e-19,2.809638616781942e-21,3.4490954759967106e-21,2.2832873419849334e-23,2.6596007829301726e-23,1.6588821965241839e-25,7.95155404841277e-28,9.456466430465213e-28,5.079856946125034e-30,6.330372818051529e-30,2.396420914084626e-32,7.691015337273156e-36,4.118449923223184e-34,1.499781607868934e-37,3.730917662948979e-36,1.1520610314490768e-36,6.468011894451655e-37,1.3405235983596554e-36,6.59124433229291e-38,6.198650822326981e-37,2.527013188850807e-39,7.95918700173097e-39,3.371381656111062e-39,7.724627565955834e-39,3.0765812183545984e-41,1.4211234309250173e-38,4.114930372553296e-41,3.6178944820198605e-39,9.269426279335539e-42,7.424634875109928e-41,5.153349525002399e-42,6.948024045697023e-41,4.4262419231286734e-44,3.91076830348709e-41,1.4740896298464956e-43,4.100494237706929e-43,2.206434480393569e-46,1.7855076817831488e-43,9.504536796013241e-46,9.783737407806643e-46,3.424930120385578e-46,9.623360742347446e-46
1.0156730346164042e-5,4.713198976956204e-7,7.012444606169005e-7,1.041857201166083e-6,1.517924805834051e-6,2.1247481194157876e-6,2.8897728614146345e-6,0.0059323716465787355,4.1505899011058736e-5,2.876316661253371e-5,0.00015824407240107413,1.1837743009483584e-6,2.4481963556097025e-6,1.7745373422874023e-8,1.0343202162984763e-8,1.7173627210581925e-8,6.0478948212521826e-9,2.111034271910255e-10,2.754872993619991e-10,5.134208387737974e-12,7.069790909593633e-12,1.1962212107133727e-13,1.3687311323222113e-13,2.173678159262774e-15,2.450548225467935e-15,3.1010258035452757e-17,3.445344217924918e-17,3.879451484760229e-19,4.417907046667728e-19,4.967452031369834e-21,5.680981355337254e-21,6.600116920252423e-23,6.795757943238795e-25,9.28916382132465e-25,9.872539261433182e-27,1.3643715549100155e-26,1.4084295900386546e-28,1.9929141150218876e-28,1.923291843514864e-30,1.2473718754286743e-33,2.5433369106760235e-32,1.6938532509018418e-33,1.5721555538844333e-34,4.321424645750863e-36,6.214760947546318e-35,2.084453304520839e-34,6.871868737341469e-38,0.0,5.5540495133886575e-37,1.57895708611304e-36,5.845954737877612e-40,1.5858789487854158e-47,2.1242342868604437e-37,1.3332163066152482e-36,6.64592765865102e-39,2.9524573261368696e-39,1.1275203217591153e-39,8.228565975858376e-39,5.662718269330844e-41,2.7626482537647574e-48,7.190318920490484e-41,3.4990334676118786e-40,1.6075471083470076e-42,3.70229328880134e-42,5.3215383754042526e-42,1.998238617472842e-41,4.656589268388339e-43,1.0610418338325282e-43
1.376027959142972e-7,4.358029579207647e-7,6.50295043302537e-7,9.810518908640077e-7,1.4867091485361346e-6,2.0920186875736105e-6,2.85523316126038e-6,0.005926228936922285,4.522849344682026e-5,2.959794591193841e-5,0.00015939395681122308,1.3043202742743688e-6,2.4971132345775047e-6,2.2393258741443504e-8,1.5036237897141407e-8,6.269101424076292e-8,4.3985810160743567e-8,1.2221596831183601e-9,3.0028924730359222e-9,6.051713302532145e-11,7.636857949534935e-11,1.787157821513884e-12,1.563603198332125e-12,4.2553194134896734e-14,3.977575675863908e-14,7.318550026245602e-16,1.0161190007215066e-15,1.9175442322851345e-17,2.501660399114947e-17,5.383884467254032e-19,6.046702324810224e-19,1.3174586857207696e-20,2.286422160697102e-22,2.790232751423331e-22,4.958358621292792e-24,6.047979528839095e-24,1.034289774659429e-25,1.341855462849911e-25,2.2294357104111438e-27,3.6555729743478254e-29,4.8498541931770407e-29,7.938714361868598e-31,1.0653135908149005e-30,4.033481405153691e-33,3.125320721088148e-34,6.416029110319633e-34,1.293646451665771e-37,2.8371286688393484e-37,7.048789254721882e-37,2.015631579248972e-36,2.1370025025945707e-37,1.1726924225320718e-36,2.9921180023048233e-37,1.8797744922222133e-36,5.872582977218794e-38,8.171805762584515e-39,7.392294096032738e-39,1.1166747954820194e-38,4.33110213136255e-40,0.0,6.254949640898547e-41,1.7573460487661746e-39,3.2576171598872527e-42,6.860310994022034e-42,4.117849180738815e-41,2.3031931698675792e-40,4.0918685888644424e-42,5.555405907173223e-42
2.2804343239150242e-10,4.074252664702476e-7,5.938885470699327e-7,8.999527577028494e-7,1.4704732449371832e-6,2.072517613466655e-6,2.8344204435527683e-6,0.005924358009031601,4.498598313670483e-5,2.9600174735491177e-5,0.00015939275581775827,1.3478532475466848e-6,2.503272377505614e-6,3.1723743194795814e-8,2.802711398125544e-8,3.7557192718367483e-7,1.9277587268415396e-7,6.732418596413333e-9,1.969782359575268e-8,4.0395296629329876e-10,4.723148923670811e-10,1.4467590494603638e-11,9.715642753276663e-12,7.625708691807512e-13,6.873413175839279e-13,1.7231651505261654e-14,4.219083500070346e-14,9.988105081802879e-16,1.2627282887830373e-15,4.0186451936368673e-17,3.5511432663529304e-17,1.3854258395623616e-18,3.463859363376558e-20,3.629081562178625e-20,1.3871530363056167e-21,1.5916096430088561e-21,4.478503523991414e-23,6.239015867209117e-23,1.4685634045721592e-24,4.067743252390639e-26,5.0173443833135356e-26,1.1792199955695948e-27,1.7100627956011034e-27,4.168746965574596e-29,9.692867748572078e-31,1.4812532337571788e-30,3.2954530610221406e-32,7.343538076579217e-34,1.1281185249259778e-33,2.3554012948074574e-36,3.724601072186829e-35,1.0301437020533115e-35,6.0249559747858906e-37,7.683254304321088e-37,1.2426828234745689e-37,3.777367221111828e-44,3.0168268682099473e-38,1.829498859245639e-38,1.2965846078545741e-39,4.293588252213316e-45,1.985905635233851e-39,6.206705339262842e-39,2.6577964729795436e-41,1.8343859444017605e-40,1.0168923316229457e-40,3.68445597331433e-40,7.904219626377036e-42,2.213587187241883e-41
1.7772971026821806e-11,3.7845756379114573e-7,5.313744008692931e-7,7.997355725767342e-7,1.445157822821576e-6,2.0401941069346695e-6,2.796715734596473e-6,0.005919757874933191,4.438073086676369e-5,2.957675324176885e-5,0.00015932559920864964,1.3972739986884282e-6,2.5123848330547376e-6,4.746662857725849e-8,5.023470003464677e-8,1.28951495829828e-6,4.820611025760432e-7,2.0725529418391747e-8,6.635719215037488e-8,1.3219088745455485e-9,1.5345371069724806e-9,5.5750557150078855e-11,3.170629152522816e-11,8.070913948423381e-12,6.185249988956649e-12,1.8246136382301114e-13,5.779898825963451e-13,1.374822303320537e-14,1.686924657737118e-14,6.587201142300234e-16,4.889119594230868e-16,3.9134532502458465e-17,1.2131920642341816e-18,1.1534434545250934e-18,8.272492414771566e-20,8.114988239952548e-20,2.90510583720099e-21,4.071900004119576e-21,1.0637525030945528e-22,4.710075505012995e-24,5.652012089088456e-24,1.5925268648169157e-25,3.0957816696370656e-25,9.295993235744956e-27,2.776565436359034e-28,4.5407808058365295e-28,1.1749889475341178e-29,3.8422828787372773e-31,5.704266687707032e-31,1.4453657082451647e-32,2.661083842026906e-32,7.700780388945697e-34,2.1672520091329056e-35,2.0227856792553805e-36,1.130164339488719e-36,6.86534851545146e-43,1.216609762851869e-37,2.7183798901936007e-38,5.5851481306246884e-39,5.727182563534983e-39,8.222519376255524e-39,1.4364174656356304e-38,6.253256253302455e-40,6.864461004806801e-38,2.0531418250006415e-40,2.2392792404604595e-40,1.0911589102216212e-41,3.529067723782137e-40
6.80224148555571e-12,3.2005622627448557e-7,3.913467925737854e-7,5.349156163575714e-7,1.340218897415634e-6,1.897881956959193e-6,2.6141237668814395e-6,0.0058813818880611626,4.1313584943424904e-5,2.9357871935153162e-5,0.00015853553468442378,1.5188184186868873e-6,2.5444045199420134e-6,1.1641472295190232e-7,1.5127577785373853e-7,9.670472648565154e-6,1.976432510797544e-6,1.2813175506967543e-7,4.906356966505216e-7,8.33404477110023e-9,1.0825077249510511e-8,4.973738273783093e-10,2.320679906779665e-10,5.168030025115285e-10,2.3482701928058025e-10,9.412302546782005e-12,4.092272523839032e-11,8.332602747247647e-13,1.1120899115484942e-12,5.704378674096204e-14,3.316633687227391e-14,1.6814355256705857e-14,4.742447216596833e-16,4.3299262414971294e-16,6.795362039018056e-17,4.502318608630526e-17,2.2671040241928625e-18,3.3130870940985835e-18,8.988426054078891e-20,1.7306093267809757e-20,1.6067441306396402e-20,5.737047491963378e-22,2.0695424637076838e-21,6.097943129887706e-23,2.546836564622453e-24,4.6077453659886215e-24,1.2754697447207842e-25,1.4776307442065265e-26,1.7313612202472572e-26,2.563228373475096e-29,1.9990491781059717e-27,6.46190279152138e-29,2.735349134586763e-30,9.848334465010513e-29,2.379112357770333e-31,1.0849759837349074e-31,2.5504372072462444e-32,1.2653072809108097e-31,4.8608538670839486e-33,5.668008907067767e-32,1.4896729825321576e-34,3.769752139395074e-33,2.591277903626036e-35,1.6392075320372925e-33,3.7627626555822343e-35,1.0501104462190757e-33,1.7116507396567325e-35,1.0656535864855703e-34
4.127513432043797e-12,2.929015996443645e-7,3.332137570220929e-7,4.05988075780052e-7,1.2331885053895617e-6,1.7484475576965521e-6,2.4099302580254684e-6,0.005807456682581914,3.774764052356121e-5,2.8957391100650188e-5,0.00015680491237806164,1.564875155761878e-6,2.5634336891962427e-6,1.881675775637636e-7,2.602264557939774e-7,2.6573127982021442e-5,3.730576648644263e-6,3.1637500258397867e-7,1.3648769865694662e-6,1.9714662903772554e-8,2.9612335294975e-8,1.4373911576742512e-9,6.645442124810908e-10,4.247652368963767e-9,1.3601329825814268e-9,6.905584871061839e-11,3.446949230870393e-10,5.939231858160948e-12,9.135441952902589e-12,5.036060007441735e-13,2.7634471313499275e-13,3.952429250648085e-13,8.443730696102455e-15,8.997926355499634e-15,1.7610937703261795e-15,9.6294575201776e-16,5.719768930046797e-17,8.863416213957767e-17,2.3061709929765245e-18,1.0725832726961506e-18,8.125953599952452e-19,3.207296097552052e-20,1.5443361517466417e-19,3.809997924178397e-21,1.8199968746975145e-22,3.5678910247087714e-22,9.384052173171295e-24,2.0740525973575856e-24,2.164794192570585e-24,7.772259655254391e-26,3.6570480216030016e-25,9.805230438485688e-27,4.190591968612008e-28,8.301322927591378e-28,2.534053782950806e-29,1.9510640926383777e-33,4.591945125161981e-30,5.784276425489742e-34,6.824510147474309e-31,1.1631769771488182e-32,1.9551507308576774e-33,8.588337095669595e-33,1.0140575604001003e-33,1.8598960989359743e-33,4.272874449540002e-35,1.8153805077680425e-34,3.166545705908437e-35,5.801897544499944e-34
3.7468037425514695e-12,2.599602216250924e-7,2.900542103919528e-7,3.329491155272057e-7,1.0727078951823237e-6,1.5251046487475055e-6,2.099977196554647e-6,0.0056161425795116186,3.230796095502248e-5,2.801446318013973e-5,0.00015206326428257957,1.5590806359909851e-6,2.5574041041113725e-6,2.9470102585836426e-7,4.2261924051995065e-7,7.13426636487489e-5,6.412101070410056e-6,7.612274138422538e-7,3.7293955873717043e-6,4.415610710318828e-8,8.009447076824186e-8,3.84144148165261e-9,1.991453048204957e-9,3.6911696814621796e-8,7.784459529959259e-9,5.559403174332422e-10,3.02601967133197e-9,4.2973361170192226e-11,7.918857463095307e-11,4.407421177505229e-12,2.4914426314666953e-12,1.1204993048675526e-11,1.6424497214776271e-13,2.353537694155874e-13,5.097158548706418e-14,2.3234841789390327e-14,1.6349117187666858e-15,2.6743872680751393e-15,6.670282751658702e-17,9.159232611534658e-17,5.4565550502922374e-17,2.5307957650280227e-18,1.5629389208226605e-17,3.0195133406097634e-19,1.7460256488540598e-20,3.6040470183113384e-20,9.049637330942585e-22,5.681593120915731e-22,4.423261667503366e-22,1.9942283831994355e-23,1.1776439519088325e-22,2.669758042308587e-24,1.349704709718468e-25,3.3083488206507384e-25,8.41659924130303e-27,3.039559892721719e-27,3.1949917641677932e-27,1.2341108069029715e-28,8.177568345759926e-28,9.80761543916232e-30,9.14127388675482e-31,2.015420466393467e-30,4.058277548647285e-32,1.0406473361625942e-31,2.501161824220094e-32,9.082837960285608e-33,7.616786269394334e-34,5.4290273200818906e-33
3.123038078522005e-12,2.3186365839919183e-7,2.583228900106993e-7,2.952720542787922e-7,9.473304025148852e-7,1.350492059456013e-6,1.856241984664203e-6,0.005381812006392368,2.8098839398986822e-5,2.6953516253667586e-5,0.00014611153179761106,1.5289904441796821e-6,2.514638333298866e-6,3.771347318322743e-7,5.483455548635352e-7,0.00012666893961786548,8.473030477373832e-6,1.2642953618944288e-6,6.682213483506139e-6,7.063988075837813e-8,1.4328744399337628e-7,6.819149190043585e-9,4.068110873399955e-9,1.461889905274902e-7,2.320212240419123e-8,2.124176814079762e-9,1.1961998916903075e-8,1.521351931139958e-10,3.113961764747266e-10,1.733953572534908e-11,1.0397037439996002e-11,1.0146114463178712e-10,1.1853895167767318e-12,2.0572482830447787e-12,4.72693400955684e-13,1.8840612891951015e-13,1.502635442965273e-14,2.4960245042914496e-14,6.196274974597519e-16,1.822605336079472e-15,9.479451229639469e-16,4.844126235533346e-17,3.498658011922088e-16,5.62141743559725e-18,3.806479291417523e-19,7.878663676867674e-19,1.957920076512789e-20,2.5310483612903934e-20,1.625448594765331e-20,8.5872542550142e-22,5.612614378943565e-21,1.1573694215209793e-22,6.452913040919618e-24,1.68856581808967e-23,3.9819125991112576e-25,2.884264251978949e-25,2.517798907721608e-25,1.1781376606055344e-26,8.24404255653259e-26,1.680111062571563e-27,9.674689410460574e-29,2.522556982808229e-28,6.924634508340548e-30,2.8501948290305064e-30,3.2326800481595206e-30,2.3336317917627588e-36,2.0681019455553337e-32,2.2640055883131475e-32
2.6425851032126426e-12,1.927415493444655e-7,2.1461552357513618e-7,2.4516183461429957e-7,7.919199402775142e-7,1.1342961955640635e-6,1.5517622991324735e-6,0.0049551115339536425,2.2939146601059534e-5,2.5173379443694412e-5,0.00013507069921420226,1.468421568332755e-6,2.395974904165708e-6,4.762188920821031e-7,7.005257440228748e-7,0.00022721447692214907,1.0936395889672264e-5,2.1052023681630207e-6,1.2111753263425395e-5,1.1500841176855691e-7,2.6112625439009957e-7,1.3001996811496495e-8,9.443687093836867e-9,6.772030692410155e-7,7.730476203930412e-8,9.407600639515289e-9,5.5435763048868806e-8,6.282834815758057e-10,1.4357288618972633e-9,8.226220821697084e-11,5.428202514819796e-11,1.2599459254196675e-9,1.1817881565061225e-11,2.448328990998668e-11,6.326695091808495e-12,2.0731009499268574e-12,1.9846066838644514e-13,3.2905589853188545e-13,8.447310370260212e-15,6.224675522860791e-14,2.7127598608318264e-14,1.5749484496209103e-15,1.3557214807918017e-14,1.7444954459193329e-16,1.4893376169452013e-17,3.0207315511520816e-17,7.63975912220165e-19,2.621647916068683e-18,1.2528605906925061e-18,8.432676221164973e-20,6.02293094888814e-19,1.1120110233378856e-20,7.31926967045268e-22,1.9685022427926872e-21,4.4342770689770304e-23,8.979698720271864e-23,6.118567807107724e-23,3.385979913466082e-24,2.855427437124166e-23,4.534647247383416e-25,3.4893887552605315e-26,8.292295384076011e-26,2.4147017245613257e-27,3.5912178076233214e-27,2.4273660555835555e-27,4.740941921076725e-40,3.1395258062350517e-29,2.881409799210086e-29
2.4537477648917694e-12,1.5226571633026635e-7,1.6954702613205928e-7,1.9377492122173309e-7,6.455353259227607e-7,9.356136316801811e-7,1.2708047763451752e-6,0.00439188161947031,1.831666478558733e-5,2.301151979349884e-5,0.00012020377919455427,1.3842074704268273e-6,2.197774649612937e-6,5.599124750293268e-7,8.296408195042945e-7,0.00035746809139753353,1.2977659004100333e-5,3.103371710573209e-6,1.9263931201225526e-5,1.6938923097322995e-7,4.2119429402174083e-7,2.363308911580404e-8,2.0551415418842043e-8,2.521302948400774e-6,2.1410564788969176e-7,3.340209267725877e-8,2.080403281114023e-7,2.1413068597571e-9,5.377897589678744e-9,3.322624863069356e-10,2.4493830146958827e-10,1.160058269576199e-8,9.332980818347229e-11,2.1553492549382685e-10,6.593034351863322e-11,1.7334582005145146e-11,2.0450975936297004e-12,3.3553447457894015e-12,9.34256986765114e-14,1.5436210367371685e-12,5.617808092914241e-13,3.721937235839292e-14,3.7329309960684146e-13,3.967652947916989e-15,4.291351343847298e-16,8.548562650739489e-16,2.261168437320644e-17,1.84940928282606e-16,6.728750521887373e-17,5.673402494514328e-18,4.33699286572136e-17,7.338808242964295e-19,5.674090319959866e-20,1.6660510116366843e-19,3.448923975710904e-21,1.6791327359003555e-20,9.52220071610572e-21,6.106568916561397e-22,5.937178608295817e-21,8.163882651415749e-23,7.546503351704913e-24,1.8489862822338094e-23,5.32433055859778e-25,1.872127782514949e-24,9.4464834783677e-25,1.0019383038192388e-25,1.591035874372489e-26,1.542815144807229e-26
2.3327719488655572e-12,1.2038977636801823e-7,1.3408872924483953e-7,1.5341213022393544e-7,5.323396583605595e-7,7.89335108210934e-7,1.0651492657177254e-6,0.003857013927462555,1.5056999018965412e-5,2.1077886657854514e-5,0.000105846974993672,1.3002304101191075e-6,1.9825077185997797e-6,6.116459874711696e-7,9.0906075023487e-7,0.0004759048557978895,1.4183666725868142e-5,3.950378531787768e-6,2.5880499612087557e-5,2.1791848041586345e-7,5.757974215993017e-7,3.724856845933126e-8,3.651174863199511e-8,6.3267867490857174e-6,4.334592809099912e-7,8.073088258680981e-8,5.284910245478979e-7,5.097131769633601e-9,1.3693738873713624e-8,9.341215581810542e-10,7.557291343931741e-10,5.721908380601726e-8,4.236236363807315e-10,1.0246269910818166e-9,3.7112956823573727e-10,8.062041737856077e-11,1.1460907166847167e-11,1.866637214079696e-11,5.755527729571433e-13,1.678933403510001e-11,5.2112336749562534e-12,3.896847071792183e-13,4.324904961354581e-12,4.0696899910728463e-14,5.331539498254191e-15,1.0562245706025797e-14,2.9642327517537916e-16,4.528186439381818e-15,1.3376780577460834e-15,1.338178885830848e-16,1.0766437393921395e-15,1.718241693088964e-17,1.5277507279634977e-18,4.6871079881124734e-18,9.540856146262953e-20,8.629150761253916e-19,4.312524695485596e-19,3.0272965669098503e-20,3.325536380140516e-19,3.9530689152217235e-21,4.444544394308569e-22,1.0495209308537811e-21,3.185152280207339e-23,1.898209447464682e-22,8.426116935489171e-23,8.213562938802397e-24,1.6354346024487612e-24,1.3743190601182808e-24
2.2304481539716457e-12,8.65514352235364e-8,9.645631865993232e-8,1.1061805603037142e-7,4.063503159569412e-7,6.347172706139332e-7,8.507108126083467e-7,0.0031876672381488842,1.179874996434551e-5,1.873216759749556e-5,8.763264122960195e-5,1.1873094862660557e-6,1.6857328316481348e-6,6.492730031276738e-7,9.655764230175715e-7,0.0006111621185045157,1.4973057925194969e-5,4.8719481184127915e-6,3.357825341294275e-5,2.745408215679713e-7,7.664720708228178e-7,6.044600700464134e-8,6.595511221471206e-8,1.5802742624600295e-5,8.699985274847574e-7,1.9411665638477516e-7,1.3481737437328165e-6,1.2240331548812789e-8,3.522010473230181e-8,2.794093083400314e-9,2.5036428699648783e-9,2.937785108362046e-7,2.0512401223559537e-9,5.052838763398792e-9,2.282559952496188e-9,3.952905312520842e-10,7.073462525810209e-11,1.1470348580716663e-10,4.139132622847402e-12,2.116771355099636e-10,5.366037313719065e-11,4.715733082669183e-12,5.704724792369071e-11,4.868117781349186e-13,7.935481761784744e-14,1.5800300910400894e-13,4.897280423152636e-15,1.4143331749549705e-13,3.325199782401973e-14,4.0039109899146806e-15,3.434948701832063e-14,5.132135473670466e-16,5.503738541684789e-17,1.7510819507202207e-16,3.683753671899107e-18,6.540829559297019e-17,2.7254947397141818e-17,2.19795711688512e-18,2.698519324222632e-17,2.819334219101604e-19,3.98736301252475e-20,9.178812938949757e-20,2.996673090618263e-21,3.430090563479404e-20,1.2685328641696159e-20,1.3691715657509732e-21,3.702730205185861e-22,2.1571166040869906e-22
2.1342967320454144e-12,5.721008187396802e-8,6.38158445235063e-8,7.351251830926528e-8,2.8712250413027867e-7,4.910568010281204e-7,6.549407143646372e-7,0.0024956724040857223,8.952169758081597e-6,1.6284862053273863e-5,6.860446454902083e-5,1.0562391015827752e-6,1.352376292076855e-6,6.587426795088426e-7,9.775973477357087e-7,0.0007247150938431211,1.5038206673807953e-5,5.631945052226089e-6,4.020879749013459e-5,3.265675283594497e-7,9.453825863579927e-7,9.31034999397129e-8,1.1005089202592732e-7,3.4420706222000075e-5,1.5725740937292523e-6,4.1116659344517884e-7,3.027552012209932e-6,2.6274943915321472e-8,8.028291853124141e-8,7.627752702558668e-9,7.502099917249229e-9,1.2536369367264738e-6,8.522112437905877e-9,2.083283268342436e-8,1.1959542193936198e-8,1.6504256641283447e-9,3.7697305623329466e-10,6.101467557876456e-10,2.6887281308250737e-11,2.2008107442994333e-9,4.4707943401555543e-10,4.737396513099113e-11,6.043291007246407e-10,4.899283369632994e-12,9.911469571679331e-13,2.00368993634871e-12,7.120968746359467e-14,3.533238688138158e-12,6.706069095539541e-13,9.621627030933571e-14,8.804634165079017e-13,1.2411183434066691e-14,1.6416723226207613e-15,5.31916110096716e-15,1.2302434227047526e-16,3.900042181150336e-15,1.3414695698281498e-15,1.2619690545895585e-16,1.6869899803268531e-15,1.6105479150716446e-17,2.8616284054124607e-18,6.465368579814943e-18,2.3409271953307046e-19,4.872034789486096e-18,1.457571911255202e-18,1.8615675336013444e-19,6.1276276502197e-20,2.8538760345995357e-20
2.022395966252482e-12,3.3032715761450076e-8,3.689897155856395e-8,4.287316290740305e-8,1.7921286528847813e-7,3.5349831105083394e-7,4.7025445146125933e-7,0.001799912092142794,6.359226729798513e-6,1.3648839774715423e-5,4.938464225918441e-5,9.005554804565985e-7,9.944462640430795e-7,6.323188713719128e-7,9.342705111451621e-7,0.000791203890277396,1.4261824258944994e-5,6.10963494956832e-6,4.434732342416869e-5,3.6668976000290515e-7,1.0760639587769538e-6,1.3536987927010842e-7,1.7018723811938268e-7,6.686722717849042e-5,2.621564510589558e-6,7.892832820711184e-7,6.156830044566681e-6,5.1808315177481614e-8,1.671007723736023e-7,1.9463979262377275e-8,2.0901720858373965e-8,4.697299779512382e-6,3.1906942006820465e-8,7.626833107587192e-8,5.64647964906869e-8,6.2273162802252085e-9,1.8482237683571998e-9,2.9811687019942973e-9,1.6858156252723206e-10,2.068418303942472e-8,3.2773875248599964e-9,4.3489425487083116e-10,5.6435569993314596e-9,4.574903147816953e-11,1.1627611129586073e-11,2.3933735930856438e-11,1.0368093255291168e-12,8.372634668814863e-11,1.2600512185343685e-11,2.2048027139972955e-12,2.1161036508128757e-11,2.853929768593617e-13,4.909591683797408e-14,1.5525077602142739e-13,4.3952787293293816e-15,2.3931213419342864e-13,6.498947728109835e-14,7.487263634475615e-15,1.0475356927945375e-13,9.640067278541552e-16,2.212096675278109e-16,4.928329017387435e-16,2.09162848199344e-17,7.875533024237994e-16,1.828043805044836e-16,2.897234227514902e-17,1.2214195525634059e-17,4.4586721431582545e-18
1.886252665305876e-12,1.5699299456012237e-8,1.757716140574324e-8,2.0769478955034475e-8,9.38834543351778e-8,2.281515362503283e-7,3.0366948610229104e-7,0.0011575724587990506,4.07784111612374e-6,1.0833745260920558e-5,3.1694533921415366e-5,7.206428716908902e-7,6.485488173384743e-7,5.607289837553165e-7,8.240161977969452e-7,0.0007759221315157773,1.2550254629488498e-5,6.1061547110084405e-6,4.40732518816469e-5,3.8015403642261587e-7,1.1024549886167861e-6,1.7913198939380193e-7,2.3678924149097756e-7,0.00011251672601005975,3.970993888302188e-6,1.3469877986209325e-6,1.109518261830794e-5,9.185896790504654e-8,3.113538853942738e-7,4.475218508482109e-8,5.2420879120174064e-8,1.5021203081992928e-5,1.0435053064692067e-7,2.435729485317379e-7,2.3137261977559605e-7,2.083716916928506e-8,8.106441293230312e-9,1.2931685202904054e-8,9.819935887903339e-10,1.6860854658896251e-7,2.046781558734891e-8,3.5407457452410137e-9,4.4526411921850275e-8,3.8450707827736543e-10,1.2301682719062162e-10,2.5710077864809543e-10,1.4310269654620208e-11,1.7212070524523196e-9,2.0829731055240918e-10,4.457514012619899e-11,4.438543411909475e-10,5.826478417758962e-12,1.3478667515901462e-12,4.008074843546465e-12,1.5217059207587544e-13,1.2942002260940136e-11,2.7139436588728148e-12,3.977476055471255e-13,5.563693589906984e-12,5.228494230428539e-14,1.5594200709247625e-14,3.4074897786766425e-14,1.799656054438281e-15,1.1108570757575052e-13,1.9993380608263907e-14,3.9915276293307896e-15,2.1396225985630206e-15,6.200821688293051e-16
1.744863775793369e-12,6.33525370888456e-9,7.118751195403986e-9,8.656130068095144e-9,4.240121524874191e-8,1.3378034731959446e-7,1.7927546518607886e-7,0.0006769747840715126,2.4075899493564907e-6,8.199805607492256e-6,1.860915278314946e-5,5.440628130192796e-7,3.842198458242841e-7,4.558159998152138e-7,6.685512155020858e-7,0.0006752025765651913,1.029628194891248e-5,5.539200981537789e-6,3.917763150457151e-5,3.553319389746295e-7,1.0043815615909588e-6,2.0344601943135745e-7,2.81540507296563e-7,0.00015331805447149535,5.1890099480628955e-6,1.9181297799634234e-6,1.6500067328670872e-5,1.3626703339986395e-7,4.831650341560945e-7,8.293387824451959e-8,1.0573522731542184e-7,3.605014029628733e-5,2.59625010318085e-7,6.015802954345662e-7,6.95610573808135e-7,5.430254721827706e-8,2.6806359524380717e-8,4.1982615492584565e-8,4.278963064060731e-9,9.386669351195913e-7,8.968906319826707e-8,2.0310647439508574e-8,2.370628025957796e-7,2.299307285144643e-9,9.082103606490191e-10,1.8969095711940006e-9,1.3918702853192677e-10,2.239059935046711e-8,2.238354538019464e-9,5.855973368640542e-10,5.835808412311475e-9,7.733811436037575e-11,2.4118766482312502e-11,6.489669328983376e-11,3.5043991086408973e-12,4.145014214288343e-10,6.747728315668208e-11,1.2818311445211791e-11,1.699541877495743e-10,1.7359446249698471e-12,6.650633107267161e-13,1.4069654305600457e-12,9.626921748256801e-14,8.597724100160031e-12,1.2236517320321703e-12,3.084665058221035e-13,2.0404055398570473e-13,4.8676466547476126e-14
1.6073585538794091e-12,2.2266622594546257e-9,2.516422129084395e-9,3.1935552243578535e-9,1.6876106788598142e-8,7.13113267589387e-8,9.767479777598931e-8,0.000363869033367246,1.3324709089677342e-6,5.921192010503095e-6,1.0214363055875559e-5,3.8874538581243766e-7,2.1193369661882716e-7,3.4062218739117864e-7,5.046384159769266e-7,0.0005303273936899524,8.018347950657004e-6,4.582290873352089e-6,3.19047820834699e-5,2.9973676621170316e-7,8.341998477323336e-7,1.9735316338521874e-7,2.8893443533851945e-7,0.0001719653552072687,5.866903365669595e-6,2.3012495268610483e-6,2.036970015836337e-5,1.6968081411284928e-7,6.296772137636373e-7,1.2293832949315668e-7,1.709181680195373e-7,6.543149005776408e-5,4.9040640081702e-7,1.1535229570066833e-6,1.5207049014479002e-6,1.098563647717476e-7,6.562259019628488e-8,1.0060966383196007e-7,1.3378605576835988e-8,3.471239098952367e-6,2.75279046177418e-7,7.968678152148779e-8,8.439796958720972e-7,9.433210198855276e-9,4.492909868425377e-9,9.168244252007499e-9,8.900571790376183e-10,1.7483482374872327e-7,1.4928248135969364e-8,4.746417609814684e-9,4.551336479047693e-8,6.339182829812062e-10,2.612617096221444e-10,6.212142482347259e-10,4.840862239418964e-11,7.208860328030048e-9,9.353352682578704e-10,2.3046018767343693e-10,2.776234682333104e-9,3.236270860419874e-11,1.5655736093965115e-11,3.154128335738448e-11,2.8536548602898736e-12,3.323080697020343e-10,3.826991022495315e-11,1.2230230181393557e-11,9.977244544880148e-12,1.9771417473166604e-12
1.4947818607662249e-12,8.343147042137604e-10,9.496722892789388e-10,1.2620324827010004e-9,7.078387863291486e-9,3.840029048815728e-8,5.479482510620129e-8,0.00020118796368533972,7.733322955826621e-7,4.313120364134459e-6,5.880433920525938e-6,2.795517109562902e-7,1.228681004738825e-7,2.496257445468547e-7,3.8012870028503034e-7,0.0004060475464316421,6.315589536304673e-6,3.6565670739831047e-6,2.5571820881697648e-5,2.4125291888099147e-7,6.804757853663922e-7,1.7192554324799215e-7,2.6937030956723985e-7,0.0001678894912086709,5.890419099446236e-6,2.401306918956405e-6,2.1465886720377187e-5,1.8175834714204954e-7,7.038649011329939e-7,1.470114783659886e-7,2.209912703563834e-7,9.016053799252496e-5,6.974001534898428e-7,1.6864936073286404e-6,2.370794305675504e-6,1.6760264058062477e-7,1.1342199122181804e-7,1.7076819435694895e-7,2.7625420730443586e-8,7.894867788206732e-6,5.602652072873512e-7,1.9363027928732403e-7,1.8839514466457029e-6,2.377721943562069e-8,1.306698165925876e-8,2.56595047365949e-8,3.1355172277303705e-9,6.906775486254346e-7,5.313587235814441e-8,1.966259484325226e-8,1.7887417204747432e-7,2.6571172209094173e-9,1.3522761495039375e-9,2.880721361460288e-9,3.001937823713383e-10,5.0952638098651065e-8,5.639553070052478e-9,1.7028332178852477e-9,1.861744560134907e-8,2.4660419827501177e-10,1.4152086798924598e-10,2.7175426576920114e-10,3.057795444808893e-11,4.126172570916893e-9,4.1370898141653927e-10,1.5786850055046195e-10,1.505287201513871e-10,2.6134990167886208e-11
1.3513093698457014e-12,1.9773775535096778e-10,2.2813459462664351e-10,3.249846713829681e-10,1.9694864402724103e-9,1.449749924755384e-8,2.2873969557139597e-8,8.208601519210236e-5,3.5011723709258123e-7,2.6335215802030035e-6,2.632207529418155e-6,1.672916814924261e-7,5.6708007549182566e-8,1.5028814579643665e-7,2.479127002843237e-7,0.0002661959818896416,4.461609238145459e-6,2.4946639134521986e-6,1.8138445291090284e-5,1.649681702597021e-7,5.018635092066183e-7,1.2474223571247898e-7,2.2314125408025065e-7,0.0001433956472863634,5.244066264316307e-6,2.2399217508578045e-6,1.9822860891602893e-5,1.738596885475361e-7,7.207598931557478e-7,1.5498525581013453e-7,2.6191486041056814e-7,0.00011226623321111275,8.935250985568799e-7,2.2805326691257664e-6,3.3038539472368047e-6,2.37963568469616e-7,1.821558113316402e-7,2.670675106162898e-7,5.3861335186356704e-8,1.6692886902718325e-5,1.0854191777585136e-6,4.511654164712467e-7,3.968772359619817e-6,5.773121281069904e-8,3.7773029689542076e-8,6.864248590686669e-8,1.1223737934686435e-8,2.7257398004346553e-6,1.8876185660892816e-7,8.354970902595193e-8,6.977825122361422e-7,1.1471196852250507e-8,7.470933764128787e-9,1.3757434146954255e-8,2.027348696184986e-9,3.8500825171886446e-7,3.620074088069871e-8,1.3845273347625763e-8,1.327503623724593e-7,2.0886296290425792e-9,1.4632265517235957e-9,2.6187946046889163e-9,3.835158176177491e-10,5.887168390644191e-8,5.133833820624751e-9,2.4142526995635196e-9,2.776560398205447e-9,4.164898220414866e-10
1.227733517826031e-12,4.423692392346323e-11,5.190985301662713e-11,7.917827845293374e-11,5.185074531577978e-10,4.86671051346978e-9,8.892015052289204e-9,3.1136040749049996e-5,1.5114139178269897e-7,1.5162430070321219e-6,1.1245449071996287e-6,9.438479929301804e-8,2.6120665199239e-8,8.429196168829856e-8,1.587442233682315e-7,0.00016942785877131485,3.095142861176153e-6,1.617012849141095e-6,1.248419878316676e-5,1.0636506705940264e-7,3.7085272176620757e-7,8.210431186694617e-8,1.744111155760667e-7,0.00011280207194589048,4.23390536768677e-6,1.8898554476240197e-6,1.6231371316108714e-5,1.4845611149221621e-7,6.684455522018641e-7,1.3893794885404158e-7,2.6712236184056973e-7,0.00011694868277778818,9.293378180586174e-7,2.540538207795474e-6,3.6104526113523472e-6,2.7395979758636036e-7,2.2821489503790247e-7,3.244451855391907e-7,7.752608950907311e-8,2.5046659472428286e-5,1.5707110609633968e-6,7.37607308540979e-7,6.03225018392477e-6,9.697447582955115e-8,7.376157258730989e-8,1.221883056662012e-7,2.5644870252552125e-8,6.567764363890026e-6,4.2243478237395895e-7,2.1542104776713735e-7,1.6612143055963904e-6,2.995285200830029e-8,2.385070922131312e-8,3.869182285426628e-8,7.495299720728097e-9,1.5155421791233491e-6,1.2804030083448016e-7,5.854213695635785e-8,5.040565677201005e-7,9.14967733712833e-9,7.534046781163173e-9,1.2608194672877324e-8,2.281769661539767e-9,3.7723028974140025e-7,3.009027117431313e-8,1.6597037195198496e-8,2.2341065589404037e-8,2.9907173989769006e-9
1.1070279544419843e-12,5.680694026227618e-12,6.8342377068649965e-12,1.1310010676826518e-11,8.286583998745136e-11,9.914168572273906e-10,2.3142502515666698e-9,7.820940414222373e-6,4.512216789781074e-8,6.699333377301201e-7,3.3272834759825125e-7,4.0674312946175935e-8,9.28728991583227e-9,3.590422700502933e-8,8.630647142440315e-8,9.057082498632582e-5,1.8252767215048012e-6,8.681840625395844e-7,7.254925211484907e-6,5.6334915532207553e-8,2.496357601767039e-7,4.350722988428574e-8,1.200471817820602e-7,7.695493946932733e-5,2.9229291431510378e-6,1.3685764658092197e-6,1.1242745985901698e-5,1.0753777126469667e-7,5.552026928697645e-7,1.0313285632207624e-7,2.38562977958105e-7,0.00010512324720429183,7.90428098827923e-7,2.4176701514601045e-6,3.2035785563261855e-6,2.664960552386762e-7,2.4131571391991066e-7,3.284037418629625e-7,9.231477421564819e-8,3.052896338613123e-5,1.8917871491387528e-6,9.76936784798007e-7,7.56817072502547e-6,1.310508894499277e-7,1.18160190039087e-7,1.7378738978317958e-7,4.725091801627903e-8,1.2535867965611728e-5,7.518359928634645e-7,4.397543952244943e-7,3.148772730291634e-6,6.187167805466954e-8,6.14571590866899e-8,8.749056446082824e-8,2.1978200834733835e-8,4.641747311563757e-6,3.6118662778033007e-7,1.9344024018966168e-7,1.5126928765974277e-6,3.144556291792942e-8,3.0649647501527166e-8,4.7505604812469134e-8,1.0604555233214255e-8,1.8513771710013792e-6,1.3784627862431511e-7,8.79843810997427e-8,1.4103619820077973e-7,1.6759843860000802e-8
1.0147101823771074e-12,5.729561409309828e-13,7.091533412655903e-13,1.2685786718433773e-12,1.0691206156092078e-11,1.5463800051324657e-10,4.889664288455415e-10,1.581375257115462e-6,1.073889549053606e-8,2.48674186088602e-7,7.949883392009177e-8,1.4764669419336984e-8,2.978092627912662e-9,1.3032044570974398e-8,4.3403793029601386e-8,4.4374821821032713e-5,9.653775217498067e-7,4.2479977533353677e-7,3.812823674608944e-6,2.7070751797989602e-8,1.6181325445457613e-7,2.0893655386503424e-8,7.739903111900553e-8,4.8780087162567336e-5,1.8525946879080769e-6,8.9441942375017e-7,7.148794391024178e-6,6.95217742159268e-8,4.307981698700034e-7,6.759260145155241e-8,1.916264201828275e-7,8.406098200347622e-5,5.641547668613847e-7,1.9884984926544424e-6,2.391065425180691e-6,2.2057468510750293e-7,2.1651284992172578e-7,2.8266447878331003e-7,8.889817876373851e-8,2.959640473549479e-5,1.8366615347250656e-6,9.975714137573355e-7,7.630537314980774e-6,1.3550534409381874e-7,1.430312617669902e-7,1.8985813903489443e-7,6.258276499847703e-8,1.688720362274523e-5,9.617232925689654e-7,6.18718512051359e-7,4.289391075592786e-6,8.79121961060418e-8,1.0779217183644005e-7,1.3907267846550002e-7,4.1872507577944e-8,9.046309541947842e-6,6.717578299992024e-7,3.9742012133330427e-7,2.9344965595568504e-6,6.683654697682328e-8,7.496075264654408e-8,1.0853015034467672e-7,2.844315098265627e-8,5.122794584657083e-6,3.648021739632744e-7,2.5738734738252306e-7,4.788007972563528e-7,5.1640811363799885e-8
9.076797956559906e-13,2.8401436993447097e-14,3.6226264855956123e-14,6.948564638889479e-14,7.077375432859497e-13,1.1906150515092138e-11,5.5616358066354544e-11,1.6911907607595755e-7,1.3505330025665289e-9,5.583416517327117e-8,1.0422611679794822e-8,3.258805516520335e-9,6.39339570348045e-10,3.0549797339690264e-9,1.6438835714048043e-8,1.6092329926889954e-5,3.7320774272289826e-7,1.5552050043495933e-7,1.51630323507752e-6,9.695036283141262e-9,9.006929034888356e-8,7.810195115392408e-9,4.222232558426797e-8,2.599681832393265e-5,9.818066573106332e-7,4.82442231949596e-7,3.883197220021465e-6,3.676356136412654e-8,3.024403216480802e-7,3.719977335190283e-8,1.354808657125567e-7,5.877825497528225e-5,3.2430722093020004e-7,1.39986399970315e-6,1.4899272809264541e-6,1.543969078102156e-7,1.7066642960979106e-7,2.145210998256866e-7,7.284287150334396e-8,2.4204530271262197e-5,1.5055670462896011e-6,8.387229362555975e-7,6.617068768004991e-6,1.1506286816812795e-7,1.4600799460083189e-7,1.7764252994881778e-7,6.771504220773664e-8,1.841644142757372e-5,1.0077899501886477e-6,6.923076238473296e-7,4.840091085440786e-6,9.947723234218825e-8,1.5510853581895878e-7,1.843087081939554e-7,6.376563453700193e-8,1.395766571267022e-5,1.0017468949320451e-6,6.339619297956313e-7,4.5241529036210765e-6,1.0990767744044324e-7,1.4191732327995733e-7,1.908427370339199e-7,5.778581993299377e-8,1.0622370083766244e-5,7.245107177241042e-7,5.538655548580679e-7,1.1795460932178087e-6,1.1704561509358866e-7
7.878787749420591e-13,9.113837225691913e-16,1.1829325179584755e-15,2.3547710080670427e-15,2.907199082605616e-14,5.305186801605233e-13,3.5583823995674542e-12,1.0145712339152786e-8,9.146661750186749e-11,6.998916913475341e-9,7.817034520838214e-10,4.088819116223323e-10,9.415861687679236e-11,4.697340055731197e-10,4.502369694934908e-9,4.158765001846181e-6,1.0105292826369336e-7,4.1834382049136856e-8,4.5487330905359086e-7,2.5651293054825465e-9,4.3776082759397305e-8,2.433991827963839e-9,2.0013472728558277e-8,1.2025930108571407e-5,4.5023918805729586e-7,2.248587242721132e-7,1.9125688856721077e-6,1.6758779504907632e-8,2.0244543581907504e-7,1.8920303528852946e-8,8.939938237929192e-8,3.8303324865499176e-5,1.6450421516335172e-7,9.041332409054147e-7,8.622310030192661e-7,9.820759894145392e-8,1.3047461623916806e-7,1.6024287240960478e-7,5.6147722387318373e-8,1.8556221402670394e-5,1.1508254352785704e-6,6.481406522070538e-7,5.447308154984483e-6,8.924566379287144e-8,1.3767546067608377e-7,1.596720489448479e-7,6.535043269558602e-8,1.7799194652087102e-5,9.555451885065467e-7,6.758720942948079e-7,4.86463805020421e-6,9.810124213675406e-8,1.858135890166537e-7,2.087915439316952e-7,7.862349213366654e-8,1.7306095917492106e-5,1.2115887839614767e-6,7.960878561851579e-7,5.596775801679624e-6,1.4030842722864617e-7,2.0559773670902355e-7,2.5675990689985853e-7,8.721170556134907e-8,1.620402108878947e-5,1.0563672929305192e-6,8.581462244273958e-7,1.9955592052209046e-6,1.8824880000842845e-7
6.780360085784454e-13,2.445250253437301e-17,3.14132413699266e-17,6.1675713494787e-17,7.156442707079344e-16,1.3298431378886044e-14,9.492947991667112e-14,2.652828866266397e-10,2.4614976162996515e-12,2.814354796795446e-10,2.2762084102230265e-11,1.6813309319714023e-11,5.685409523701149e-12,2.8965370963345832e-11,5.654808553871047e-10,4.818178555187332e-7,1.230518531355651e-8,5.363074510145399e-9,7.074687508238567e-8,3.276335482671064e-10,1.52084722209901e-8,4.83400750255128e-10,6.749049057225429e-9,3.947198968941207e-6,1.4576571139830525e-7,7.599726374568619e-8,7.349046269977184e-7,5.538374804266068e-9,1.2294790517110777e-7,8.27519811587979e-9,5.288782031991155e-8,2.2391037291834534e-5,6.986209978028417e-8,5.188810872983576e-7,4.548166122335996e-7,5.505013336782068e-8,1.0271421890274148e-7,1.246772606308178e-7,4.39861367657736e-8,1.4474209213968306e-5,8.912676646970486e-7,5.083245137688683e-7,4.593076996340382e-6,6.983366313102955e-8,1.3190739763176688e-7,1.5037260745350954e-7,6.302097503701678e-8,1.7147530425685034e-5,9.157844977788684e-7,6.539778495403001e-7,4.802382560811368e-6,9.556538965368159e-8,2.017318114848875e-7,2.1858491968012674e-7,8.648050972690821e-8,1.9063324637057e-5,1.3103305102750027e-6,8.803341000303e-7,6.151118357622487e-6,1.5570809838710646e-7,2.5755584194286015e-7,2.964393903212688e-7,1.1166456377769151e-7,2.0866214038108658e-5,1.2873909783956021e-6,1.1104282419587382e-6,2.693668776059699e-6,2.4827584420838615e-7
6.22126101758865e-13,1.0233700433329042e-18,1.2993793587290376e-18,2.5058414607957858e-18,2.485581405649314e-17,4.628089183454333e-16,2.9344817956631314e-15,8.39555872217817e-12,7.631271581599868e-14,7.258179590108165e-12,6.480289499844605e-13,4.312503953026852e-13,1.5676489282136118e-13,8.061571310124821e-13,2.6893440293784493e-11,2.1038442556802268e-8,5.673717341825417e-10,2.715841649345357e-10,4.746461944906007e-9,1.681874392630205e-11,3.3666637054263023e-9,5.4568032446763706e-11,1.4461305518705643e-9,8.219871535560386e-7,2.9761333677853172e-8,1.7109618233286105e-8,2.0902522637837915e-7,1.228257064046886e-9,6.993561709212456e-8,3.3180973384915022e-9,2.9199927376040724e-8,1.2266069924785103e-5,2.7066011577676e-8,2.7735416406165044e-7,2.3404427693800063e-7,2.863093427399251e-8,9.004085657130857e-8,1.0894966102674015e-7,3.846494876145724e-8,1.2646603654766878e-5,7.7440320073155e-7,4.475669052233838e-7,4.219286922227228e-6,6.135335870155214e-8,1.308148273008855e-7,1.4878928852734737e-7,6.268396273570327e-8,1.7019094078942513e-5,9.087284311776656e-7,6.498975466269664e-7,4.79232757500922e-6,9.518687787182358e-8,2.0659876319035284e-7,2.2059701850633516e-7,8.899750852859761e-8,1.9592708510170826e-5,1.3362400661375515e-6,9.058281583847544e-7,6.327294884104598e-6,1.5996901167698858e-7,2.8921313784787165e-7,3.1085705217380604e-7,1.2662943831355475e-7,2.3720836645141536e-5,1.3873301088258294e-6,1.2611451810064383e-6,3.068832043554629e-6,2.8186895034200604e-7
6.05128703737694e-13,5.642157666829777e-20,6.980560353165081e-20,1.335378758558602e-19,1.303069391871445e-18,2.1181139127122655e-17,1.2217409981069446e-16,3.581482832135267e-13,3.199386222805086e-15,2.5028139638757935e-13,2.368748421671938e-14,1.438496388816016e-14,3.3761429949746286e-15,1.726473029485855e-14,7.179357614414405e-13,5.373537957166379e-10,1.4893138494185242e-11,7.433629802603126e-12,1.6523734336609175e-10,4.629017194712112e-13,4.949118429956224e-10,3.733726135678072e-12,2.055827763966945e-10,1.1341139725241219e-7,4.007926693338523e-9,2.7015247743293243e-9,4.6829589354827886e-8,1.9366669521595646e-10,4.046265504833345e-8,1.3969079187927573e-9,1.6466952978212982e-8,6.899810311140965e-6,1.1116855259673148e-8,1.5198349298008978e-7,1.276503807932077e-7,1.528408628527646e-8,8.62289042540156e-8,1.0448802750896818e-7,3.696414105367795e-8,1.2153765618439744e-5,7.429058456008945e-7,4.3225556770321585e-7,4.123704978068299e-6,5.925943757979461e-8,1.3073360825100322e-7,1.4869130347794647e-7,6.286191772396934e-8,1.701155069449414e-5,9.085457975332183e-7,6.497550520793792e-7,4.792232111229257e-6,9.523872151441447e-8,2.0742707840316612e-7,2.208070887977708e-7,8.963466271094465e-8,1.9680372357638583e-5,1.3402684649971721e-6,9.102943087794036e-7,6.36484097174e-6,1.6071380315434014e-7,3.046971056515103e-7,3.143852789144412e-7,1.3409300930478587e-7,2.512179396352541e-5,1.415287036299114e-6,1.3319371936564559e-6,3.206252074773911e-6,2.9540324003228663e-7
6.000076866041353e-13,5.5090734008933575e-21,4.5036492586941815e-21,8.66544824930576e-21,8.395166186197495e-20,1.3754063111150442e-18,7.705366600842796e-18,2.2706553208869423e-14,2.0046401551127244e-16,1.4511131899747398e-14,1.4757253781131225e-15,8.309141090166462e-16,1.6236474680275846e-16,8.22872197886832e-16,2.6606815993172076e-14,2.0773856696416566e-11,5.587358551270246e-13,2.6156069265913946e-13,4.941980144299619e-12,1.6018532344331758e-14,2.2942461078637327e-11,9.740395544732207e-14,9.19206970694346e-12,4.901263403290529e-9,1.684852169192735e-10,1.4454458213866274e-10,4.557782856245088e-9,1.0689969920942809e-11,2.1165689958517765e-8,5.144887317950653e-10,8.433119307953352e-9,3.54215338418095e-6,4.062843336271868e-9,7.553679995592835e-8,6.404965630919478e-8,7.37103666652012e-9,8.499684245028261e-8,1.0334053720810459e-7,3.6750965564809366e-8,1.2057791678896587e-5,7.36999197099279e-7,4.297506288923012e-7,4.1073397192152135e-6,5.8990354649407205e-8,1.307258628432189e-7,1.4868398566069532e-7,6.323420079222607e-8,1.701059612402071e-5,9.088853461735866e-7,6.498465025841022e-7,4.7920521773835965e-6,9.534560941694519e-8,2.0751799213383093e-7,2.2081849541867365e-7,9.011202635835097e-8,1.9689158351706524e-5,1.3410520542950342e-6,9.109610638624311e-7,6.3714476036862065e-6,1.6094615085656903e-7,3.137581634915408e-7,3.1524139564308254e-7,1.387931119927491e-7,2.5940284815916954e-5,1.4227344983734479e-6,1.3712002531865752e-6,3.258451879929853e-6,3.014966280541868e-7
5.987609198662378e-13,2.2296932585888923e-21,2.559263411673981e-22,4.962840963166163e-22,5.1099811659672084e-21,8.428812213978005e-20,4.795050850752593e-19,1.4063391734844606e-15,1.2396588733514708e-17,9.155758111108985e-16,9.502998921335683e-17,5.285576541118213e-17,1.0590534475357143e-17,5.340626517379372e-17,1.5578798011255799e-15,1.2404734702645894e-12,3.2938209068447375e-14,1.505499040098014e-14,2.579581666608182e-13,9.129641476116997e-16,5.971659990997101e-13,3.501906551332997e-15,2.4072896343834697e-13,1.293803062432134e-10,4.476671915489543e-12,3.72492472155059e-12,1.6794619022470673e-10,3.6521760960169976e-13,1.0832957283998308e-8,1.8846404486912195e-10,4.305893064699395e-9,1.824764111381631e-6,1.546125424683546e-9,3.764710539105275e-8,3.234385855853041e-8,3.5670965887954357e-9,8.44034528104007e-8,1.0296930793547158e-7,3.699601316446554e-8,1.2050446836506532e-5,7.369828699185343e-7,4.2977215978000915e-7,4.106281742977363e-6,5.9124536242417725e-8,1.3072356446808876e-7,1.4867998558008215e-7,6.385717719307435e-8,1.700937433060396e-5,9.094669334751593e-7,6.50007246600922e-7,4.791726802342032e-6,9.552224835220945e-8,2.075171128081846e-7,2.2081348635917894e-7,9.083507146113634e-8,1.9688044071416345e-5,1.3417211629614172e-6,9.112059922789472e-7,6.371485194925122e-6,1.6119316760299582e-7,3.182660253659231e-7,3.1541543666473146e-7,1.417909087424755e-7,2.634711486792394e-5,1.425117378703678e-6,1.3899739244994141e-6,3.2760988809236984e-6,3.040327310823989e-7
5.984105372462746e-13,2.0508148566934846e-21,9.673612614652994e-24,1.8927330573386334e-23,2.1694994209825116e-22,3.600118740748496e-21,2.1552925853714026e-20,6.240344332472623e-17,5.555917615990432e-19,4.5331122327077514e-17,4.5396278685814935e-18,2.6508932685369133e-18,6.348505431351536e-19,3.222953763437658e-18,9.713482065413191e-17,7.675361249795169e-14,2.0540368627370826e-15,9.581090124263893e-16,1.6804363759855975e-14,5.871127958705863e-17,3.121215599154117e-14,2.2200460546116778e-16,1.2715684623935472e-14,6.910519707686674e-12,2.4114009001307433e-13,1.818272606679323e-13,5.797126265158542e-12,5.440449308211091e-14,4.909242796744273e-9,6.003218843136546e-11,2.0350643012286994e-9,8.816949362212433e-7,5.757132877338558e-10,1.7539164894789173e-8,1.5295600334353208e-8,1.6125353174743148e-9,8.384721680793179e-8,1.0264717044366692e-7,3.7703217589729745e-8,1.204850900204774e-5,7.377807356162648e-7,4.300618513020688e-7,4.105691772713e-6,5.942793945603084e-8,1.307196017563069e-7,1.4867245918396785e-7,6.510957428376536e-8,1.7006939408313233e-5,9.1063569688779e-7,6.503309877148987e-7,4.791075744375632e-6,9.58769748756319e-8,2.0750988317545817e-7,2.2080300230611107e-7,9.228582713981678e-8,1.9685253398761906e-5,1.3430433055464205e-6,9.116460267728757e-7,6.370636792215131e-6,1.616687095274939e-7,3.2065724874398216e-7,3.1546358720735624e-7,1.448400760587885e-7,2.6567534946795037e-5,1.4275076907482738e-6,1.4000861932385335e-6,3.284428026854937e-6,3.0552306368476033e-7
5.983378740242808e-13,2.0490622977613923e-21,2.637582738994534e-25,5.192123464477177e-25,6.722746952657161e-24,1.1213688207772572e-22,7.156213200772823e-22,2.0394782836490676e-18,1.843567174304063e-20,1.712506489250678e-18,1.6113088997460666e-19,1.0149070552643084e-19,2.936406440039844e-20,1.502724393565926e-19,5.076609150175968e-18,3.9373574633706364e-15,1.069252147358212e-16,5.138848554408043e-17,9.636079302252023e-16,3.184996884299139e-18,1.9700785318853812e-15,1.4293272516701112e-17,8.053227210514373e-16,4.388128674365139e-13,1.5353105446329272e-14,1.1268273457653898e-14,3.0164478979847355e-13,2.0201069498697652e-14,2.3231065546553415e-9,2.1487799160948423e-11,1.0712716020118148e-9,4.811551248319773e-7,2.8182841501097267e-10,9.28470692073031e-9,8.198288162920234e-9,8.378702873753102e-10,8.343107243298705e-8,1.0240862043368797e-7,3.893272031254808e-8,1.2045858667036262e-5,7.390277054035341e-7,4.305120937479747e-7,4.104816481681473e-6,5.989472202988158e-8,1.3071357272891507e-7,1.4866108479899535e-7,6.703403097748752e-8,1.70031989625094e-5,9.124312160023931e-7,6.508286403746987e-7,4.790075514133314e-6,9.642191763918203e-8,2.0749875920714434e-7,2.207870919709904e-7,9.451504905074896e-8,1.9680958659952916e-5,1.3450741289042752e-6,9.12314351264024e-7,6.3693162818190015e-6,1.6239281016153883e-7,3.2156606447046434e-7,3.154620542340536e-7,1.4830487547140692e-7,2.665706671179771e-5,1.430549576962732e-6,1.4044600856647987e-6,3.2875169583597584e-6,3.064307680716462e-7
5.983244004863327e-13,2.050542516151744e-21,7.846950597693705e-27,1.3834013388296622e-26,1.9338853999757685e-25,3.21971656640563e-24,2.2418314316745103e-23,6.304488984407588e-20,5.7491124535533935e-22,6.224010325639147e-20,5.279191959052777e-21,3.709873517531708e-21,1.251504773208005e-21,6.402278615525113e-21,2.5245962929870464e-19,1.925850316589385e-16,5.2716100225061965e-18,2.5942858553251406e-18,5.110631068462614e-17,1.6103655708041437e-19,1.1054065565390386e-16,7.720023243817572e-19,4.463987183322482e-17,2.4432009469899334e-14,8.479624093268499e-16,5.721191948036197e-16,9.461129302338267e-15,1.1259688898613201e-14,1.3479269660757487e-9,1.05615848836779e-11,7.059987655277098e-10,3.286126498140088e-7,1.9437110761414833e-10,6.22019682950732e-9,5.535275843226375e-9,5.596841710861529e-10,8.319888877591097e-8,1.0227796350415406e-7,4.0222684816744254e-8,1.2043218509237061e-5,7.402746600528102e-7,4.3096244762687026e-7,4.103942601555858e-6,6.036129772637341e-8,1.3070759776468732e-7,1.486499304355145e-7,6.895762767371856e-8,1.6999459929348788e-5,9.142258614975624e-7,6.513262704468143e-7,4.789075660916187e-6,9.696659297125619e-8,2.0748769733810728e-7,2.207714358946543e-7,9.674327769300697e-8,1.9676665378306963e-5,1.3471039603091026e-6,9.129809760169776e-7,6.367996003676662e-6,1.6311516547398244e-7,3.2184965547826276e-7,3.154485043017344e-7,1.5148777343354316e-7,2.668758167541619e-5,1.4334767844851345e-6,1.406243252125252e-6,3.288349741328981e-6,3.07005141730653e-7
5.983207455939379e-13,2.052974901208168e-21,9.76960980683715e-28,1.9164405206707372e-28,3.0908948315131924e-27,5.181962316514019e-26,3.875457176895542e-25,1.0697252606200452e-21,9.957720147625444e-24,1.2572762122566285e-21,9.867770634003113e-23,7.618281732930698e-23,3.178372857666604e-23,1.6384992741202747e-22,7.779715745791873e-21,5.7644852869086234e-18,1.6128729126870385e-19,8.262597201239156e-20,1.8161031310084617e-18,5.1999241713473865e-21,5.985836463709778e-18,3.5104480652891834e-20,2.4032593807939393e-18,1.3065166002707035e-15,4.5122044198770423e-17,3.20614305870739e-17,5.581799263932891e-16,4.438518875111364e-15,5.341311054791508e-10,3.4422562873704596e-12,3.83956018824023e-10,1.9242827476424725e-7,1.3137917683913477e-10,3.5455706893726507e-9,3.1892364653355213e-9,3.2783433108630533e-10,8.292230330142677e-8,1.0212738712928165e-7,4.315187671722712e-8,1.2037387794837705e-5,7.430288528045799e-7,4.3195763938497803e-7,4.102012377150978e-6,6.139179123658144e-8,1.3069458011640271e-7,1.4862605466050177e-7,7.320614109981789e-8,1.6991200421161245e-5,9.181896132721349e-7,6.524260600591061e-7,4.786867006956761e-6,9.816958245511194e-8,2.0746347002675456e-7,2.2073773394763932e-7,1.0166462420221799e-7,1.9667181500824322e-5,1.3515871702327934e-6,9.144530693113228e-7,6.365079477210227e-6,1.6470962442330065e-7,3.2201958533279665e-7,3.154127090705504e-7,1.5830060259699387e-7,2.6707133072931936e-5,1.4398650054308583e-6,1.4081050345256667e-6,3.28836479659749e-6,3.0798638320177056e-7
5.983227469945655e-13,2.053847425230635e-21,8.83943081484994e-28,2.948616208151264e-30,5.938873420942241e-29,9.974962255265727e-28,8.047307445029069e-27,2.183290215792121e-23,2.0663578687315205e-25,3.0518026484397706e-23,2.1992055308957004e-24,1.87155103415616e-24,9.563197674631686e-25,4.9409311843427994e-24,2.8173333471180416e-22,2.0330518256629955e-19,5.7906362257289666e-21,3.0814039695623482e-21,7.472309132605035e-20,1.9597795633850737e-22,3.5297376275315023e-19,1.794176408298786e-21,1.4085133134249295e-19,7.623033340982865e-17,2.6196018300241616e-18,1.9356809702569106e-18,3.5163760738784245e-17,2.398728783206049e-15,2.8898450299021873e-10,1.7388646991429205e-12,2.7330613761181855e-10,1.444668976549205e-7,1.1333687693793592e-10,2.623935165354598e-9,2.3736013728392427e-9,2.5400408289682004e-10,8.280049639884029e-8,1.020639954539041e-7,4.5518824916897954e-8,1.2032743039716296e-5,7.452225158342772e-7,4.3275075319417864e-7,4.1004747484495156e-6,6.22125358085494e-8,1.3068438839495795e-7,1.486077881911798e-7,7.658985630046238e-8,1.698462075067666e-5,9.213466298543709e-7,6.53302683677812e-7,4.7851075732837564e-6,9.912771910212717e-8,2.0744437569001622e-7,2.207117563737443e-7,1.0558422908905089e-7,1.965962647130334e-5,1.3551579359026997e-6,9.156260910351195e-7,6.362756145031761e-6,1.6597932153729955e-7,3.220378157975004e-7,3.1538386254163706e-7,1.63665071436936e-7,2.670826072823685e-5,1.4449319526709356e-6,1.4089655444303687e-6,3.287825545694977e-6,3.086741034038093e-7
